The target system is: Android - 1 - aarch64
The host system is: Linux - 7.2.8-1-cachyos - x86_64
Compiling the C compiler identification source file "CMakeCCompilerId.c" succeeded.
Compiler: /home/varzonelp/Android/Sdk/ndk/26.3.11579264/toolchains/llvm/prebuilt/linux-x86_64/bin/clang 
Build flags: -g;-DANDROID;-fdata-sections;-ffunction-sections;-funwind-tables;-fstack-protector-strong;-no-canonical-prefixes;-D_FORTIFY_SOURCE=2;-Wformat;-Werror=format-security;
Id flags: -c;--target=aarch64-none-linux-android21 

The output was:
0


Compilation of the C compiler identification source "CMakeCCompilerId.c" produced "CMakeCCompilerId.o"

The C compiler identification is Clang, found in "/home/varzonelp/PROYECTOS/GDSRC/gd-web-decompiled/android/app/.cxx/Debug/k5041461/arm64-v8a/CMakeFiles/3.22.1-g37088a8/CompilerIdC/CMakeCCompilerId.o"

Compiling the CXX compiler identification source file "CMakeCXXCompilerId.cpp" succeeded.
Compiler: /home/varzonelp/Android/Sdk/ndk/26.3.11579264/toolchains/llvm/prebuilt/linux-x86_64/bin/clang++ 
Build flags: -g;-DANDROID;-fdata-sections;-ffunction-sections;-funwind-tables;-fstack-protector-strong;-no-canonical-prefixes;-D_FORTIFY_SOURCE=2;-Wformat;-Werror=format-security;;
Id flags: -c;--target=aarch64-none-linux-android21 

The output was:
0


Compilation of the CXX compiler identification source "CMakeCXXCompilerId.cpp" produced "CMakeCXXCompilerId.o"

The CXX compiler identification is Clang, found in "/home/varzonelp/PROYECTOS/GDSRC/gd-web-decompiled/android/app/.cxx/Debug/k5041461/arm64-v8a/CMakeFiles/3.22.1-g37088a8/CompilerIdCXX/CMakeCXXCompilerId.o"

Detecting C compiler ABI info compiled with the following output:
Change Dir: /home/varzonelp/PROYECTOS/GDSRC/gd-web-decompiled/android/app/.cxx/Debug/k5041461/arm64-v8a/CMakeFiles/CMakeTmp

Run Build Command(s):/home/varzonelp/Android/Sdk/cmake/3.22.1/bin/ninja cmTC_28320 && [1/2] Building C object CMakeFiles/cmTC_28320.dir/CMakeCCompilerABI.c.o
Android (11349228, +pgo, +bolt, +lto, -mlgo, based on r487747e) clang version 17.0.2 (https://android.googlesource.com/toolchain/llvm-project d9f89f4d16663d5012e5c09495f3b30ece3d2362)
Target: aarch64-none-linux-android21
Thread model: posix
InstalledDir: /home/varzonelp/Android/Sdk/ndk/26.3.11579264/toolchains/llvm/prebuilt/linux-x86_64/bin
 (in-process)
 "/home/varzonelp/Android/Sdk/ndk/26.3.11579264/toolchains/llvm/prebuilt/linux-x86_64/bin/clang" -cc1 -triple aarch64-none-linux-android21 -emit-obj -mrelax-all -disable-free -clear-ast-before-backend -disable-llvm-verifier -discard-value-names -main-file-name CMakeCCompilerABI.c -mrelocation-model pic -pic-level 2 -pic-is-pie -mframe-pointer=non-leaf -ffp-contract=on -fno-rounding-math -mconstructor-aliases -funwind-tables=2 -target-cpu generic -target-feature +neon -target-feature +v8a -target-feature +fix-cortex-a53-835769 -target-abi aapcs -mllvm -treat-scalable-fixed-error-as-warning -debug-info-kind=constructor -dwarf-version=4 -debugger-tuning=gdb -v -ffunction-sections -fdata-sections -fcoverage-compilation-dir=/home/varzonelp/PROYECTOS/GDSRC/gd-web-decompiled/android/app/.cxx/Debug/k5041461/arm64-v8a/CMakeFiles/CMakeTmp -resource-dir /home/varzonelp/Android/Sdk/ndk/26.3.11579264/toolchains/llvm/prebuilt/linux-x86_64/lib/clang/17 -dependency-file CMakeFiles/cmTC_28320.dir/CMakeCCompilerABI.c.o.d -MT CMakeFiles/cmTC_28320.dir/CMakeCCompilerABI.c.o -sys-header-deps -D ANDROID -D _FORTIFY_SOURCE=2 -isysroot /home/varzonelp/Android/Sdk/ndk/26.3.11579264/toolchains/llvm/prebuilt/linux-x86_64/sysroot -internal-isystem /home/varzonelp/Android/Sdk/ndk/26.3.11579264/toolchains/llvm/prebuilt/linux-x86_64/lib/clang/17/include -internal-isystem /home/varzonelp/Android/Sdk/ndk/26.3.11579264/toolchains/llvm/prebuilt/linux-x86_64/sysroot/usr/local/include -internal-externc-isystem /home/varzonelp/Android/Sdk/ndk/26.3.11579264/toolchains/llvm/prebuilt/linux-x86_64/sysroot/usr/include/aarch64-linux-android -internal-externc-isystem /home/varzonelp/Android/Sdk/ndk/26.3.11579264/toolchains/llvm/prebuilt/linux-x86_64/sysroot/include -internal-externc-isystem /home/varzonelp/Android/Sdk/ndk/26.3.11579264/toolchains/llvm/prebuilt/linux-x86_64/sysroot/usr/include -Wformat -fdebug-compilation-dir=/home/varzonelp/PROYECTOS/GDSRC/gd-web-decompiled/android/app/.cxx/Debug/k5041461/arm64-v8a/CMakeFiles/CMakeTmp -ferror-limit 19 -stack-protector 2 -fno-signed-char -fgnuc-version=4.2.1 -target-feature +outline-atomics -D__GCC_HAVE_DWARF2_CFI_ASM=1 -o CMakeFiles/cmTC_28320.dir/CMakeCCompilerABI.c.o -x c /home/varzonelp/Android/Sdk/cmake/3.22.1/share/cmake-3.22/Modules/CMakeCCompilerABI.c
clang -cc1 version 17.0.2 based upon LLVM 17.0.2 default target x86_64-unknown-linux-gnu
ignoring nonexistent directory "/home/varzonelp/Android/Sdk/ndk/26.3.11579264/toolchains/llvm/prebuilt/linux-x86_64/sysroot/usr/local/include"
ignoring nonexistent directory "/home/varzonelp/Android/Sdk/ndk/26.3.11579264/toolchains/llvm/prebuilt/linux-x86_64/sysroot/include"
#include "..." search starts here:
#include <...> search starts here:
 /home/varzonelp/Android/Sdk/ndk/26.3.11579264/toolchains/llvm/prebuilt/linux-x86_64/lib/clang/17/include
 /home/varzonelp/Android/Sdk/ndk/26.3.11579264/toolchains/llvm/prebuilt/linux-x86_64/sysroot/usr/include/aarch64-linux-android
 /home/varzonelp/Android/Sdk/ndk/26.3.11579264/toolchains/llvm/prebuilt/linux-x86_64/sysroot/usr/include
End of search list.
[2/2] Linking C executable cmTC_28320
Android (11349228, +pgo, +bolt, +lto, -mlgo, based on r487747e) clang version 17.0.2 (https://android.googlesource.com/toolchain/llvm-project d9f89f4d16663d5012e5c09495f3b30ece3d2362)
Target: aarch64-none-linux-android21
Thread model: posix
InstalledDir: /home/varzonelp/Android/Sdk/ndk/26.3.11579264/toolchains/llvm/prebuilt/linux-x86_64/bin
 "/home/varzonelp/Android/Sdk/ndk/26.3.11579264/toolchains/llvm/prebuilt/linux-x86_64/bin/ld.lld" --sysroot=/home/varzonelp/Android/Sdk/ndk/26.3.11579264/toolchains/llvm/prebuilt/linux-x86_64/sysroot -pie -EL --fix-cortex-a53-843419 -z now -z relro -z max-page-size=4096 --hash-style=both --eh-frame-hdr -m aarch64linux -dynamic-linker /system/bin/linker64 -o cmTC_28320 /home/varzonelp/Android/Sdk/ndk/26.3.11579264/toolchains/llvm/prebuilt/linux-x86_64/sysroot/usr/lib/aarch64-linux-android/21/crtbegin_dynamic.o -L/home/varzonelp/Android/Sdk/ndk/26.3.11579264/toolchains/llvm/prebuilt/linux-x86_64/lib/clang/17/lib/linux/aarch64 -L/home/varzonelp/Android/Sdk/ndk/26.3.11579264/toolchains/llvm/prebuilt/linux-x86_64/sysroot/usr/lib/aarch64-linux-android/21 -L/home/varzonelp/Android/Sdk/ndk/26.3.11579264/toolchains/llvm/prebuilt/linux-x86_64/sysroot/usr/lib/aarch64-linux-android -L/home/varzonelp/Android/Sdk/ndk/26.3.11579264/toolchains/llvm/prebuilt/linux-x86_64/sysroot/usr/lib --build-id=sha1 --no-rosegment --no-undefined-version --fatal-warnings --no-undefined CMakeFiles/cmTC_28320.dir/CMakeCCompilerABI.c.o /home/varzonelp/Android/Sdk/ndk/26.3.11579264/toolchains/llvm/prebuilt/linux-x86_64/lib/clang/17/lib/linux/libclang_rt.builtins-aarch64-android.a -l:libunwind.a -ldl -lc /home/varzonelp/Android/Sdk/ndk/26.3.11579264/toolchains/llvm/prebuilt/linux-x86_64/lib/clang/17/lib/linux/libclang_rt.builtins-aarch64-android.a -l:libunwind.a -ldl /home/varzonelp/Android/Sdk/ndk/26.3.11579264/toolchains/llvm/prebuilt/linux-x86_64/sysroot/usr/lib/aarch64-linux-android/21/crtend_android.o



Parsed C implicit include dir info from above output: rv=done
  found start of include info
  found start of implicit include info
    add: [/home/varzonelp/Android/Sdk/ndk/26.3.11579264/toolchains/llvm/prebuilt/linux-x86_64/lib/clang/17/include]
    add: [/home/varzonelp/Android/Sdk/ndk/26.3.11579264/toolchains/llvm/prebuilt/linux-x86_64/sysroot/usr/include/aarch64-linux-android]
    add: [/home/varzonelp/Android/Sdk/ndk/26.3.11579264/toolchains/llvm/prebuilt/linux-x86_64/sysroot/usr/include]
  end of search list found
  collapse include dir [/home/varzonelp/Android/Sdk/ndk/26.3.11579264/toolchains/llvm/prebuilt/linux-x86_64/lib/clang/17/include] ==> [/home/varzonelp/Android/Sdk/ndk/26.3.11579264/toolchains/llvm/prebuilt/linux-x86_64/lib/clang/17/include]
  collapse include dir [/home/varzonelp/Android/Sdk/ndk/26.3.11579264/toolchains/llvm/prebuilt/linux-x86_64/sysroot/usr/include/aarch64-linux-android] ==> [/home/varzonelp/Android/Sdk/ndk/26.3.11579264/toolchains/llvm/prebuilt/linux-x86_64/sysroot/usr/include/aarch64-linux-android]
  collapse include dir [/home/varzonelp/Android/Sdk/ndk/26.3.11579264/toolchains/llvm/prebuilt/linux-x86_64/sysroot/usr/include] ==> [/home/varzonelp/Android/Sdk/ndk/26.3.11579264/toolchains/llvm/prebuilt/linux-x86_64/sysroot/usr/include]
  implicit include dirs: [/home/varzonelp/Android/Sdk/ndk/26.3.11579264/toolchains/llvm/prebuilt/linux-x86_64/lib/clang/17/include;/home/varzonelp/Android/Sdk/ndk/26.3.11579264/toolchains/llvm/prebuilt/linux-x86_64/sysroot/usr/include/aarch64-linux-android;/home/varzonelp/Android/Sdk/ndk/26.3.11579264/toolchains/llvm/prebuilt/linux-x86_64/sysroot/usr/include]


Parsed C implicit link information from above output:
  link line regex: [^( *|.*[/\])(ld\.lld|CMAKE_LINK_STARTFILE-NOTFOUND|([^/\]+-)?ld|collect2)[^/\]*( |$)]
  ignore line: [Change Dir: /home/varzonelp/PROYECTOS/GDSRC/gd-web-decompiled/android/app/.cxx/Debug/k5041461/arm64-v8a/CMakeFiles/CMakeTmp]
  ignore line: []
  ignore line: [Run Build Command(s):/home/varzonelp/Android/Sdk/cmake/3.22.1/bin/ninja cmTC_28320 && [1/2] Building C object CMakeFiles/cmTC_28320.dir/CMakeCCompilerABI.c.o]
  ignore line: [Android (11349228  +pgo  +bolt  +lto  -mlgo  based on r487747e) clang version 17.0.2 (https://android.googlesource.com/toolchain/llvm-project d9f89f4d16663d5012e5c09495f3b30ece3d2362)]
  ignore line: [Target: aarch64-none-linux-android21]
  ignore line: [Thread model: posix]
  ignore line: [InstalledDir: /home/varzonelp/Android/Sdk/ndk/26.3.11579264/toolchains/llvm/prebuilt/linux-x86_64/bin]
  ignore line: [ (in-process)]
  ignore line: [ "/home/varzonelp/Android/Sdk/ndk/26.3.11579264/toolchains/llvm/prebuilt/linux-x86_64/bin/clang" -cc1 -triple aarch64-none-linux-android21 -emit-obj -mrelax-all -disable-free -clear-ast-before-backend -disable-llvm-verifier -discard-value-names -main-file-name CMakeCCompilerABI.c -mrelocation-model pic -pic-level 2 -pic-is-pie -mframe-pointer=non-leaf -ffp-contract=on -fno-rounding-math -mconstructor-aliases -funwind-tables=2 -target-cpu generic -target-feature +neon -target-feature +v8a -target-feature +fix-cortex-a53-835769 -target-abi aapcs -mllvm -treat-scalable-fixed-error-as-warning -debug-info-kind=constructor -dwarf-version=4 -debugger-tuning=gdb -v -ffunction-sections -fdata-sections -fcoverage-compilation-dir=/home/varzonelp/PROYECTOS/GDSRC/gd-web-decompiled/android/app/.cxx/Debug/k5041461/arm64-v8a/CMakeFiles/CMakeTmp -resource-dir /home/varzonelp/Android/Sdk/ndk/26.3.11579264/toolchains/llvm/prebuilt/linux-x86_64/lib/clang/17 -dependency-file CMakeFiles/cmTC_28320.dir/CMakeCCompilerABI.c.o.d -MT CMakeFiles/cmTC_28320.dir/CMakeCCompilerABI.c.o -sys-header-deps -D ANDROID -D _FORTIFY_SOURCE=2 -isysroot /home/varzonelp/Android/Sdk/ndk/26.3.11579264/toolchains/llvm/prebuilt/linux-x86_64/sysroot -internal-isystem /home/varzonelp/Android/Sdk/ndk/26.3.11579264/toolchains/llvm/prebuilt/linux-x86_64/lib/clang/17/include -internal-isystem /home/varzonelp/Android/Sdk/ndk/26.3.11579264/toolchains/llvm/prebuilt/linux-x86_64/sysroot/usr/local/include -internal-externc-isystem /home/varzonelp/Android/Sdk/ndk/26.3.11579264/toolchains/llvm/prebuilt/linux-x86_64/sysroot/usr/include/aarch64-linux-android -internal-externc-isystem /home/varzonelp/Android/Sdk/ndk/26.3.11579264/toolchains/llvm/prebuilt/linux-x86_64/sysroot/include -internal-externc-isystem /home/varzonelp/Android/Sdk/ndk/26.3.11579264/toolchains/llvm/prebuilt/linux-x86_64/sysroot/usr/include -Wformat -fdebug-compilation-dir=/home/varzonelp/PROYECTOS/GDSRC/gd-web-decompiled/android/app/.cxx/Debug/k5041461/arm64-v8a/CMakeFiles/CMakeTmp -ferror-limit 19 -stack-protector 2 -fno-signed-char -fgnuc-version=4.2.1 -target-feature +outline-atomics -D__GCC_HAVE_DWARF2_CFI_ASM=1 -o CMakeFiles/cmTC_28320.dir/CMakeCCompilerABI.c.o -x c /home/varzonelp/Android/Sdk/cmake/3.22.1/share/cmake-3.22/Modules/CMakeCCompilerABI.c]
  ignore line: [clang -cc1 version 17.0.2 based upon LLVM 17.0.2 default target x86_64-unknown-linux-gnu]
  ignore line: [ignoring nonexistent directory "/home/varzonelp/Android/Sdk/ndk/26.3.11579264/toolchains/llvm/prebuilt/linux-x86_64/sysroot/usr/local/include"]
  ignore line: [ignoring nonexistent directory "/home/varzonelp/Android/Sdk/ndk/26.3.11579264/toolchains/llvm/prebuilt/linux-x86_64/sysroot/include"]
  ignore line: [#include "..." search starts here:]
  ignore line: [#include <...> search starts here:]
  ignore line: [ /home/varzonelp/Android/Sdk/ndk/26.3.11579264/toolchains/llvm/prebuilt/linux-x86_64/lib/clang/17/include]
  ignore line: [ /home/varzonelp/Android/Sdk/ndk/26.3.11579264/toolchains/llvm/prebuilt/linux-x86_64/sysroot/usr/include/aarch64-linux-android]
  ignore line: [ /home/varzonelp/Android/Sdk/ndk/26.3.11579264/toolchains/llvm/prebuilt/linux-x86_64/sysroot/usr/include]
  ignore line: [End of search list.]
  ignore line: [[2/2] Linking C executable cmTC_28320]
  ignore line: [Android (11349228  +pgo  +bolt  +lto  -mlgo  based on r487747e) clang version 17.0.2 (https://android.googlesource.com/toolchain/llvm-project d9f89f4d16663d5012e5c09495f3b30ece3d2362)]
  ignore line: [Target: aarch64-none-linux-android21]
  ignore line: [Thread model: posix]
  ignore line: [InstalledDir: /home/varzonelp/Android/Sdk/ndk/26.3.11579264/toolchains/llvm/prebuilt/linux-x86_64/bin]
  link line: [ "/home/varzonelp/Android/Sdk/ndk/26.3.11579264/toolchains/llvm/prebuilt/linux-x86_64/bin/ld.lld" --sysroot=/home/varzonelp/Android/Sdk/ndk/26.3.11579264/toolchains/llvm/prebuilt/linux-x86_64/sysroot -pie -EL --fix-cortex-a53-843419 -z now -z relro -z max-page-size=4096 --hash-style=both --eh-frame-hdr -m aarch64linux -dynamic-linker /system/bin/linker64 -o cmTC_28320 /home/varzonelp/Android/Sdk/ndk/26.3.11579264/toolchains/llvm/prebuilt/linux-x86_64/sysroot/usr/lib/aarch64-linux-android/21/crtbegin_dynamic.o -L/home/varzonelp/Android/Sdk/ndk/26.3.11579264/toolchains/llvm/prebuilt/linux-x86_64/lib/clang/17/lib/linux/aarch64 -L/home/varzonelp/Android/Sdk/ndk/26.3.11579264/toolchains/llvm/prebuilt/linux-x86_64/sysroot/usr/lib/aarch64-linux-android/21 -L/home/varzonelp/Android/Sdk/ndk/26.3.11579264/toolchains/llvm/prebuilt/linux-x86_64/sysroot/usr/lib/aarch64-linux-android -L/home/varzonelp/Android/Sdk/ndk/26.3.11579264/toolchains/llvm/prebuilt/linux-x86_64/sysroot/usr/lib --build-id=sha1 --no-rosegment --no-undefined-version --fatal-warnings --no-undefined CMakeFiles/cmTC_28320.dir/CMakeCCompilerABI.c.o /home/varzonelp/Android/Sdk/ndk/26.3.11579264/toolchains/llvm/prebuilt/linux-x86_64/lib/clang/17/lib/linux/libclang_rt.builtins-aarch64-android.a -l:libunwind.a -ldl -lc /home/varzonelp/Android/Sdk/ndk/26.3.11579264/toolchains/llvm/prebuilt/linux-x86_64/lib/clang/17/lib/linux/libclang_rt.builtins-aarch64-android.a -l:libunwind.a -ldl /home/varzonelp/Android/Sdk/ndk/26.3.11579264/toolchains/llvm/prebuilt/linux-x86_64/sysroot/usr/lib/aarch64-linux-android/21/crtend_android.o]
    arg [/home/varzonelp/Android/Sdk/ndk/26.3.11579264/toolchains/llvm/prebuilt/linux-x86_64/bin/ld.lld] ==> ignore
    arg [--sysroot=/home/varzonelp/Android/Sdk/ndk/26.3.11579264/toolchains/llvm/prebuilt/linux-x86_64/sysroot] ==> ignore
    arg [-pie] ==> ignore
    arg [-EL] ==> ignore
    arg [--fix-cortex-a53-843419] ==> ignore
    arg [-znow] ==> ignore
    arg [-zrelro] ==> ignore
    arg [-zmax-page-size=4096] ==> ignore
    arg [--hash-style=both] ==> ignore
    arg [--eh-frame-hdr] ==> ignore
    arg [-m] ==> ignore
    arg [aarch64linux] ==> ignore
    arg [-dynamic-linker] ==> ignore
    arg [/system/bin/linker64] ==> ignore
    arg [-o] ==> ignore
    arg [cmTC_28320] ==> ignore
    arg [/home/varzonelp/Android/Sdk/ndk/26.3.11579264/toolchains/llvm/prebuilt/linux-x86_64/sysroot/usr/lib/aarch64-linux-android/21/crtbegin_dynamic.o] ==> obj [/home/varzonelp/Android/Sdk/ndk/26.3.11579264/toolchains/llvm/prebuilt/linux-x86_64/sysroot/usr/lib/aarch64-linux-android/21/crtbegin_dynamic.o]
    arg [-L/home/varzonelp/Android/Sdk/ndk/26.3.11579264/toolchains/llvm/prebuilt/linux-x86_64/lib/clang/17/lib/linux/aarch64] ==> dir [/home/varzonelp/Android/Sdk/ndk/26.3.11579264/toolchains/llvm/prebuilt/linux-x86_64/lib/clang/17/lib/linux/aarch64]
    arg [-L/home/varzonelp/Android/Sdk/ndk/26.3.11579264/toolchains/llvm/prebuilt/linux-x86_64/sysroot/usr/lib/aarch64-linux-android/21] ==> dir [/home/varzonelp/Android/Sdk/ndk/26.3.11579264/toolchains/llvm/prebuilt/linux-x86_64/sysroot/usr/lib/aarch64-linux-android/21]
    arg [-L/home/varzonelp/Android/Sdk/ndk/26.3.11579264/toolchains/llvm/prebuilt/linux-x86_64/sysroot/usr/lib/aarch64-linux-android] ==> dir [/home/varzonelp/Android/Sdk/ndk/26.3.11579264/toolchains/llvm/prebuilt/linux-x86_64/sysroot/usr/lib/aarch64-linux-android]
    arg [-L/home/varzonelp/Android/Sdk/ndk/26.3.11579264/toolchains/llvm/prebuilt/linux-x86_64/sysroot/usr/lib] ==> dir [/home/varzonelp/Android/Sdk/ndk/26.3.11579264/toolchains/llvm/prebuilt/linux-x86_64/sysroot/usr/lib]
    arg [--build-id=sha1] ==> ignore
    arg [--no-rosegment] ==> ignore
    arg [--no-undefined-version] ==> ignore
    arg [--fatal-warnings] ==> ignore
    arg [--no-undefined] ==> ignore
    arg [CMakeFiles/cmTC_28320.dir/CMakeCCompilerABI.c.o] ==> ignore
    arg [/home/varzonelp/Android/Sdk/ndk/26.3.11579264/toolchains/llvm/prebuilt/linux-x86_64/lib/clang/17/lib/linux/libclang_rt.builtins-aarch64-android.a] ==> lib [/home/varzonelp/Android/Sdk/ndk/26.3.11579264/toolchains/llvm/prebuilt/linux-x86_64/lib/clang/17/lib/linux/libclang_rt.builtins-aarch64-android.a]
    arg [-l:libunwind.a] ==> lib [-l:libunwind.a]
    arg [-ldl] ==> lib [dl]
    arg [-lc] ==> lib [c]
    arg [/home/varzonelp/Android/Sdk/ndk/26.3.11579264/toolchains/llvm/prebuilt/linux-x86_64/lib/clang/17/lib/linux/libclang_rt.builtins-aarch64-android.a] ==> lib [/home/varzonelp/Android/Sdk/ndk/26.3.11579264/toolchains/llvm/prebuilt/linux-x86_64/lib/clang/17/lib/linux/libclang_rt.builtins-aarch64-android.a]
    arg [-l:libunwind.a] ==> lib [-l:libunwind.a]
    arg [-ldl] ==> lib [dl]
    arg [/home/varzonelp/Android/Sdk/ndk/26.3.11579264/toolchains/llvm/prebuilt/linux-x86_64/sysroot/usr/lib/aarch64-linux-android/21/crtend_android.o] ==> obj [/home/varzonelp/Android/Sdk/ndk/26.3.11579264/toolchains/llvm/prebuilt/linux-x86_64/sysroot/usr/lib/aarch64-linux-android/21/crtend_android.o]
  remove lib [/home/varzonelp/Android/Sdk/ndk/26.3.11579264/toolchains/llvm/prebuilt/linux-x86_64/lib/clang/17/lib/linux/libclang_rt.builtins-aarch64-android.a]
  remove lib [/home/varzonelp/Android/Sdk/ndk/26.3.11579264/toolchains/llvm/prebuilt/linux-x86_64/lib/clang/17/lib/linux/libclang_rt.builtins-aarch64-android.a]
  collapse library dir [/home/varzonelp/Android/Sdk/ndk/26.3.11579264/toolchains/llvm/prebuilt/linux-x86_64/lib/clang/17/lib/linux/aarch64] ==> [/home/varzonelp/Android/Sdk/ndk/26.3.11579264/toolchains/llvm/prebuilt/linux-x86_64/lib/clang/17/lib/linux/aarch64]
  collapse library dir [/home/varzonelp/Android/Sdk/ndk/26.3.11579264/toolchains/llvm/prebuilt/linux-x86_64/sysroot/usr/lib/aarch64-linux-android/21] ==> [/home/varzonelp/Android/Sdk/ndk/26.3.11579264/toolchains/llvm/prebuilt/linux-x86_64/sysroot/usr/lib/aarch64-linux-android/21]
  collapse library dir [/home/varzonelp/Android/Sdk/ndk/26.3.11579264/toolchains/llvm/prebuilt/linux-x86_64/sysroot/usr/lib/aarch64-linux-android] ==> [/home/varzonelp/Android/Sdk/ndk/26.3.11579264/toolchains/llvm/prebuilt/linux-x86_64/sysroot/usr/lib/aarch64-linux-android]
  collapse library dir [/home/varzonelp/Android/Sdk/ndk/26.3.11579264/toolchains/llvm/prebuilt/linux-x86_64/sysroot/usr/lib] ==> [/home/varzonelp/Android/Sdk/ndk/26.3.11579264/toolchains/llvm/prebuilt/linux-x86_64/sysroot/usr/lib]
  implicit libs: [-l:libunwind.a;dl;c;-l:libunwind.a;dl]
  implicit objs: [/home/varzonelp/Android/Sdk/ndk/26.3.11579264/toolchains/llvm/prebuilt/linux-x86_64/sysroot/usr/lib/aarch64-linux-android/21/crtbegin_dynamic.o;/home/varzonelp/Android/Sdk/ndk/26.3.11579264/toolchains/llvm/prebuilt/linux-x86_64/sysroot/usr/lib/aarch64-linux-android/21/crtend_android.o]
  implicit dirs: [/home/varzonelp/Android/Sdk/ndk/26.3.11579264/toolchains/llvm/prebuilt/linux-x86_64/lib/clang/17/lib/linux/aarch64;/home/varzonelp/Android/Sdk/ndk/26.3.11579264/toolchains/llvm/prebuilt/linux-x86_64/sysroot/usr/lib/aarch64-linux-android/21;/home/varzonelp/Android/Sdk/ndk/26.3.11579264/toolchains/llvm/prebuilt/linux-x86_64/sysroot/usr/lib/aarch64-linux-android;/home/varzonelp/Android/Sdk/ndk/26.3.11579264/toolchains/llvm/prebuilt/linux-x86_64/sysroot/usr/lib]
  implicit fwks: []


Detecting CXX compiler ABI info compiled with the following output:
Change Dir: /home/varzonelp/PROYECTOS/GDSRC/gd-web-decompiled/android/app/.cxx/Debug/k5041461/arm64-v8a/CMakeFiles/CMakeTmp

Run Build Command(s):/home/varzonelp/Android/Sdk/cmake/3.22.1/bin/ninja cmTC_7928e && [1/2] Building CXX object CMakeFiles/cmTC_7928e.dir/CMakeCXXCompilerABI.cpp.o
Android (11349228, +pgo, +bolt, +lto, -mlgo, based on r487747e) clang version 17.0.2 (https://android.googlesource.com/toolchain/llvm-project d9f89f4d16663d5012e5c09495f3b30ece3d2362)
Target: aarch64-none-linux-android21
Thread model: posix
InstalledDir: /home/varzonelp/Android/Sdk/ndk/26.3.11579264/toolchains/llvm/prebuilt/linux-x86_64/bin
 (in-process)
 "/home/varzonelp/Android/Sdk/ndk/26.3.11579264/toolchains/llvm/prebuilt/linux-x86_64/bin/clang++" -cc1 -triple aarch64-none-linux-android21 -emit-obj -mrelax-all -disable-free -clear-ast-before-backend -disable-llvm-verifier -discard-value-names -main-file-name CMakeCXXCompilerABI.cpp -mrelocation-model pic -pic-level 2 -pic-is-pie -mframe-pointer=non-leaf -ffp-contract=on -fno-rounding-math -mconstructor-aliases -funwind-tables=2 -target-cpu generic -target-feature +neon -target-feature +v8a -target-feature +fix-cortex-a53-835769 -target-abi aapcs -mllvm -treat-scalable-fixed-error-as-warning -debug-info-kind=constructor -dwarf-version=4 -debugger-tuning=gdb -v -ffunction-sections -fdata-sections -fcoverage-compilation-dir=/home/varzonelp/PROYECTOS/GDSRC/gd-web-decompiled/android/app/.cxx/Debug/k5041461/arm64-v8a/CMakeFiles/CMakeTmp -resource-dir /home/varzonelp/Android/Sdk/ndk/26.3.11579264/toolchains/llvm/prebuilt/linux-x86_64/lib/clang/17 -dependency-file CMakeFiles/cmTC_7928e.dir/CMakeCXXCompilerABI.cpp.o.d -MT CMakeFiles/cmTC_7928e.dir/CMakeCXXCompilerABI.cpp.o -sys-header-deps -D ANDROID -D _FORTIFY_SOURCE=2 -isysroot /home/varzonelp/Android/Sdk/ndk/26.3.11579264/toolchains/llvm/prebuilt/linux-x86_64/sysroot -internal-isystem /home/varzonelp/Android/Sdk/ndk/26.3.11579264/toolchains/llvm/prebuilt/linux-x86_64/sysroot/usr/include/c++/v1 -internal-isystem /home/varzonelp/Android/Sdk/ndk/26.3.11579264/toolchains/llvm/prebuilt/linux-x86_64/lib/clang/17/include -internal-isystem /home/varzonelp/Android/Sdk/ndk/26.3.11579264/toolchains/llvm/prebuilt/linux-x86_64/sysroot/usr/local/include -internal-externc-isystem /home/varzonelp/Android/Sdk/ndk/26.3.11579264/toolchains/llvm/prebuilt/linux-x86_64/sysroot/usr/include/aarch64-linux-android -internal-externc-isystem /home/varzonelp/Android/Sdk/ndk/26.3.11579264/toolchains/llvm/prebuilt/linux-x86_64/sysroot/include -internal-externc-isystem /home/varzonelp/Android/Sdk/ndk/26.3.11579264/toolchains/llvm/prebuilt/linux-x86_64/sysroot/usr/include -Wformat -fdeprecated-macro -fdebug-compilation-dir=/home/varzonelp/PROYECTOS/GDSRC/gd-web-decompiled/android/app/.cxx/Debug/k5041461/arm64-v8a/CMakeFiles/CMakeTmp -ferror-limit 19 -stack-protector 2 -fno-signed-char -fgnuc-version=4.2.1 -fcxx-exceptions -fexceptions -target-feature +outline-atomics -D__GCC_HAVE_DWARF2_CFI_ASM=1 -o CMakeFiles/cmTC_7928e.dir/CMakeCXXCompilerABI.cpp.o -x c++ /home/varzonelp/Android/Sdk/cmake/3.22.1/share/cmake-3.22/Modules/CMakeCXXCompilerABI.cpp
clang -cc1 version 17.0.2 based upon LLVM 17.0.2 default target x86_64-unknown-linux-gnu
ignoring nonexistent directory "/home/varzonelp/Android/Sdk/ndk/26.3.11579264/toolchains/llvm/prebuilt/linux-x86_64/sysroot/usr/local/include"
ignoring nonexistent directory "/home/varzonelp/Android/Sdk/ndk/26.3.11579264/toolchains/llvm/prebuilt/linux-x86_64/sysroot/include"
#include "..." search starts here:
#include <...> search starts here:
 /home/varzonelp/Android/Sdk/ndk/26.3.11579264/toolchains/llvm/prebuilt/linux-x86_64/sysroot/usr/include/c++/v1
 /home/varzonelp/Android/Sdk/ndk/26.3.11579264/toolchains/llvm/prebuilt/linux-x86_64/lib/clang/17/include
 /home/varzonelp/Android/Sdk/ndk/26.3.11579264/toolchains/llvm/prebuilt/linux-x86_64/sysroot/usr/include/aarch64-linux-android
 /home/varzonelp/Android/Sdk/ndk/26.3.11579264/toolchains/llvm/prebuilt/linux-x86_64/sysroot/usr/include
End of search list.
[2/2] Linking CXX executable cmTC_7928e
Android (11349228, +pgo, +bolt, +lto, -mlgo, based on r487747e) clang version 17.0.2 (https://android.googlesource.com/toolchain/llvm-project d9f89f4d16663d5012e5c09495f3b30ece3d2362)
Target: aarch64-none-linux-android21
Thread model: posix
InstalledDir: /home/varzonelp/Android/Sdk/ndk/26.3.11579264/toolchains/llvm/prebuilt/linux-x86_64/bin
 "/home/varzonelp/Android/Sdk/ndk/26.3.11579264/toolchains/llvm/prebuilt/linux-x86_64/bin/ld.lld" --sysroot=/home/varzonelp/Android/Sdk/ndk/26.3.11579264/toolchains/llvm/prebuilt/linux-x86_64/sysroot -pie -EL --fix-cortex-a53-843419 -z now -z relro -z max-page-size=4096 --hash-style=both --eh-frame-hdr -m aarch64linux -dynamic-linker /system/bin/linker64 -o cmTC_7928e /home/varzonelp/Android/Sdk/ndk/26.3.11579264/toolchains/llvm/prebuilt/linux-x86_64/sysroot/usr/lib/aarch64-linux-android/21/crtbegin_dynamic.o -L/home/varzonelp/Android/Sdk/ndk/26.3.11579264/toolchains/llvm/prebuilt/linux-x86_64/lib/clang/17/lib/linux/aarch64 -L/home/varzonelp/Android/Sdk/ndk/26.3.11579264/toolchains/llvm/prebuilt/linux-x86_64/sysroot/usr/lib/aarch64-linux-android/21 -L/home/varzonelp/Android/Sdk/ndk/26.3.11579264/toolchains/llvm/prebuilt/linux-x86_64/sysroot/usr/lib/aarch64-linux-android -L/home/varzonelp/Android/Sdk/ndk/26.3.11579264/toolchains/llvm/prebuilt/linux-x86_64/sysroot/usr/lib --build-id=sha1 --no-rosegment --no-undefined-version --fatal-warnings --no-undefined CMakeFiles/cmTC_7928e.dir/CMakeCXXCompilerABI.cpp.o -lc++ -lm /home/varzonelp/Android/Sdk/ndk/26.3.11579264/toolchains/llvm/prebuilt/linux-x86_64/lib/clang/17/lib/linux/libclang_rt.builtins-aarch64-android.a -l:libunwind.a -ldl -lc /home/varzonelp/Android/Sdk/ndk/26.3.11579264/toolchains/llvm/prebuilt/linux-x86_64/lib/clang/17/lib/linux/libclang_rt.builtins-aarch64-android.a -l:libunwind.a -ldl /home/varzonelp/Android/Sdk/ndk/26.3.11579264/toolchains/llvm/prebuilt/linux-x86_64/sysroot/usr/lib/aarch64-linux-android/21/crtend_android.o



Parsed CXX implicit include dir info from above output: rv=done
  found start of include info
  found start of implicit include info
    add: [/home/varzonelp/Android/Sdk/ndk/26.3.11579264/toolchains/llvm/prebuilt/linux-x86_64/sysroot/usr/include/c++/v1]
    add: [/home/varzonelp/Android/Sdk/ndk/26.3.11579264/toolchains/llvm/prebuilt/linux-x86_64/lib/clang/17/include]
    add: [/home/varzonelp/Android/Sdk/ndk/26.3.11579264/toolchains/llvm/prebuilt/linux-x86_64/sysroot/usr/include/aarch64-linux-android]
    add: [/home/varzonelp/Android/Sdk/ndk/26.3.11579264/toolchains/llvm/prebuilt/linux-x86_64/sysroot/usr/include]
  end of search list found
  collapse include dir [/home/varzonelp/Android/Sdk/ndk/26.3.11579264/toolchains/llvm/prebuilt/linux-x86_64/sysroot/usr/include/c++/v1] ==> [/home/varzonelp/Android/Sdk/ndk/26.3.11579264/toolchains/llvm/prebuilt/linux-x86_64/sysroot/usr/include/c++/v1]
  collapse include dir [/home/varzonelp/Android/Sdk/ndk/26.3.11579264/toolchains/llvm/prebuilt/linux-x86_64/lib/clang/17/include] ==> [/home/varzonelp/Android/Sdk/ndk/26.3.11579264/toolchains/llvm/prebuilt/linux-x86_64/lib/clang/17/include]
  collapse include dir [/home/varzonelp/Android/Sdk/ndk/26.3.11579264/toolchains/llvm/prebuilt/linux-x86_64/sysroot/usr/include/aarch64-linux-android] ==> [/home/varzonelp/Android/Sdk/ndk/26.3.11579264/toolchains/llvm/prebuilt/linux-x86_64/sysroot/usr/include/aarch64-linux-android]
  collapse include dir [/home/varzonelp/Android/Sdk/ndk/26.3.11579264/toolchains/llvm/prebuilt/linux-x86_64/sysroot/usr/include] ==> [/home/varzonelp/Android/Sdk/ndk/26.3.11579264/toolchains/llvm/prebuilt/linux-x86_64/sysroot/usr/include]
  implicit include dirs: [/home/varzonelp/Android/Sdk/ndk/26.3.11579264/toolchains/llvm/prebuilt/linux-x86_64/sysroot/usr/include/c++/v1;/home/varzonelp/Android/Sdk/ndk/26.3.11579264/toolchains/llvm/prebuilt/linux-x86_64/lib/clang/17/include;/home/varzonelp/Android/Sdk/ndk/26.3.11579264/toolchains/llvm/prebuilt/linux-x86_64/sysroot/usr/include/aarch64-linux-android;/home/varzonelp/Android/Sdk/ndk/26.3.11579264/toolchains/llvm/prebuilt/linux-x86_64/sysroot/usr/include]


Parsed CXX implicit link information from above output:
  link line regex: [^( *|.*[/\])(ld\.lld|CMAKE_LINK_STARTFILE-NOTFOUND|([^/\]+-)?ld|collect2)[^/\]*( |$)]
  ignore line: [Change Dir: /home/varzonelp/PROYECTOS/GDSRC/gd-web-decompiled/android/app/.cxx/Debug/k5041461/arm64-v8a/CMakeFiles/CMakeTmp]
  ignore line: []
  ignore line: [Run Build Command(s):/home/varzonelp/Android/Sdk/cmake/3.22.1/bin/ninja cmTC_7928e && [1/2] Building CXX object CMakeFiles/cmTC_7928e.dir/CMakeCXXCompilerABI.cpp.o]
  ignore line: [Android (11349228  +pgo  +bolt  +lto  -mlgo  based on r487747e) clang version 17.0.2 (https://android.googlesource.com/toolchain/llvm-project d9f89f4d16663d5012e5c09495f3b30ece3d2362)]
  ignore line: [Target: aarch64-none-linux-android21]
  ignore line: [Thread model: posix]
  ignore line: [InstalledDir: /home/varzonelp/Android/Sdk/ndk/26.3.11579264/toolchains/llvm/prebuilt/linux-x86_64/bin]
  ignore line: [ (in-process)]
  ignore line: [ "/home/varzonelp/Android/Sdk/ndk/26.3.11579264/toolchains/llvm/prebuilt/linux-x86_64/bin/clang++" -cc1 -triple aarch64-none-linux-android21 -emit-obj -mrelax-all -disable-free -clear-ast-before-backend -disable-llvm-verifier -discard-value-names -main-file-name CMakeCXXCompilerABI.cpp -mrelocation-model pic -pic-level 2 -pic-is-pie -mframe-pointer=non-leaf -ffp-contract=on -fno-rounding-math -mconstructor-aliases -funwind-tables=2 -target-cpu generic -target-feature +neon -target-feature +v8a -target-feature +fix-cortex-a53-835769 -target-abi aapcs -mllvm -treat-scalable-fixed-error-as-warning -debug-info-kind=constructor -dwarf-version=4 -debugger-tuning=gdb -v -ffunction-sections -fdata-sections -fcoverage-compilation-dir=/home/varzonelp/PROYECTOS/GDSRC/gd-web-decompiled/android/app/.cxx/Debug/k5041461/arm64-v8a/CMakeFiles/CMakeTmp -resource-dir /home/varzonelp/Android/Sdk/ndk/26.3.11579264/toolchains/llvm/prebuilt/linux-x86_64/lib/clang/17 -dependency-file CMakeFiles/cmTC_7928e.dir/CMakeCXXCompilerABI.cpp.o.d -MT CMakeFiles/cmTC_7928e.dir/CMakeCXXCompilerABI.cpp.o -sys-header-deps -D ANDROID -D _FORTIFY_SOURCE=2 -isysroot /home/varzonelp/Android/Sdk/ndk/26.3.11579264/toolchains/llvm/prebuilt/linux-x86_64/sysroot -internal-isystem /home/varzonelp/Android/Sdk/ndk/26.3.11579264/toolchains/llvm/prebuilt/linux-x86_64/sysroot/usr/include/c++/v1 -internal-isystem /home/varzonelp/Android/Sdk/ndk/26.3.11579264/toolchains/llvm/prebuilt/linux-x86_64/lib/clang/17/include -internal-isystem /home/varzonelp/Android/Sdk/ndk/26.3.11579264/toolchains/llvm/prebuilt/linux-x86_64/sysroot/usr/local/include -internal-externc-isystem /home/varzonelp/Android/Sdk/ndk/26.3.11579264/toolchains/llvm/prebuilt/linux-x86_64/sysroot/usr/include/aarch64-linux-android -internal-externc-isystem /home/varzonelp/Android/Sdk/ndk/26.3.11579264/toolchains/llvm/prebuilt/linux-x86_64/sysroot/include -internal-externc-isystem /home/varzonelp/Android/Sdk/ndk/26.3.11579264/toolchains/llvm/prebuilt/linux-x86_64/sysroot/usr/include -Wformat -fdeprecated-macro -fdebug-compilation-dir=/home/varzonelp/PROYECTOS/GDSRC/gd-web-decompiled/android/app/.cxx/Debug/k5041461/arm64-v8a/CMakeFiles/CMakeTmp -ferror-limit 19 -stack-protector 2 -fno-signed-char -fgnuc-version=4.2.1 -fcxx-exceptions -fexceptions -target-feature +outline-atomics -D__GCC_HAVE_DWARF2_CFI_ASM=1 -o CMakeFiles/cmTC_7928e.dir/CMakeCXXCompilerABI.cpp.o -x c++ /home/varzonelp/Android/Sdk/cmake/3.22.1/share/cmake-3.22/Modules/CMakeCXXCompilerABI.cpp]
  ignore line: [clang -cc1 version 17.0.2 based upon LLVM 17.0.2 default target x86_64-unknown-linux-gnu]
  ignore line: [ignoring nonexistent directory "/home/varzonelp/Android/Sdk/ndk/26.3.11579264/toolchains/llvm/prebuilt/linux-x86_64/sysroot/usr/local/include"]
  ignore line: [ignoring nonexistent directory "/home/varzonelp/Android/Sdk/ndk/26.3.11579264/toolchains/llvm/prebuilt/linux-x86_64/sysroot/include"]
  ignore line: [#include "..." search starts here:]
  ignore line: [#include <...> search starts here:]
  ignore line: [ /home/varzonelp/Android/Sdk/ndk/26.3.11579264/toolchains/llvm/prebuilt/linux-x86_64/sysroot/usr/include/c++/v1]
  ignore line: [ /home/varzonelp/Android/Sdk/ndk/26.3.11579264/toolchains/llvm/prebuilt/linux-x86_64/lib/clang/17/include]
  ignore line: [ /home/varzonelp/Android/Sdk/ndk/26.3.11579264/toolchains/llvm/prebuilt/linux-x86_64/sysroot/usr/include/aarch64-linux-android]
  ignore line: [ /home/varzonelp/Android/Sdk/ndk/26.3.11579264/toolchains/llvm/prebuilt/linux-x86_64/sysroot/usr/include]
  ignore line: [End of search list.]
  ignore line: [[2/2] Linking CXX executable cmTC_7928e]
  ignore line: [Android (11349228  +pgo  +bolt  +lto  -mlgo  based on r487747e) clang version 17.0.2 (https://android.googlesource.com/toolchain/llvm-project d9f89f4d16663d5012e5c09495f3b30ece3d2362)]
  ignore line: [Target: aarch64-none-linux-android21]
  ignore line: [Thread model: posix]
  ignore line: [InstalledDir: /home/varzonelp/Android/Sdk/ndk/26.3.11579264/toolchains/llvm/prebuilt/linux-x86_64/bin]
  link line: [ "/home/varzonelp/Android/Sdk/ndk/26.3.11579264/toolchains/llvm/prebuilt/linux-x86_64/bin/ld.lld" --sysroot=/home/varzonelp/Android/Sdk/ndk/26.3.11579264/toolchains/llvm/prebuilt/linux-x86_64/sysroot -pie -EL --fix-cortex-a53-843419 -z now -z relro -z max-page-size=4096 --hash-style=both --eh-frame-hdr -m aarch64linux -dynamic-linker /system/bin/linker64 -o cmTC_7928e /home/varzonelp/Android/Sdk/ndk/26.3.11579264/toolchains/llvm/prebuilt/linux-x86_64/sysroot/usr/lib/aarch64-linux-android/21/crtbegin_dynamic.o -L/home/varzonelp/Android/Sdk/ndk/26.3.11579264/toolchains/llvm/prebuilt/linux-x86_64/lib/clang/17/lib/linux/aarch64 -L/home/varzonelp/Android/Sdk/ndk/26.3.11579264/toolchains/llvm/prebuilt/linux-x86_64/sysroot/usr/lib/aarch64-linux-android/21 -L/home/varzonelp/Android/Sdk/ndk/26.3.11579264/toolchains/llvm/prebuilt/linux-x86_64/sysroot/usr/lib/aarch64-linux-android -L/home/varzonelp/Android/Sdk/ndk/26.3.11579264/toolchains/llvm/prebuilt/linux-x86_64/sysroot/usr/lib --build-id=sha1 --no-rosegment --no-undefined-version --fatal-warnings --no-undefined CMakeFiles/cmTC_7928e.dir/CMakeCXXCompilerABI.cpp.o -lc++ -lm /home/varzonelp/Android/Sdk/ndk/26.3.11579264/toolchains/llvm/prebuilt/linux-x86_64/lib/clang/17/lib/linux/libclang_rt.builtins-aarch64-android.a -l:libunwind.a -ldl -lc /home/varzonelp/Android/Sdk/ndk/26.3.11579264/toolchains/llvm/prebuilt/linux-x86_64/lib/clang/17/lib/linux/libclang_rt.builtins-aarch64-android.a -l:libunwind.a -ldl /home/varzonelp/Android/Sdk/ndk/26.3.11579264/toolchains/llvm/prebuilt/linux-x86_64/sysroot/usr/lib/aarch64-linux-android/21/crtend_android.o]
    arg [/home/varzonelp/Android/Sdk/ndk/26.3.11579264/toolchains/llvm/prebuilt/linux-x86_64/bin/ld.lld] ==> ignore
    arg [--sysroot=/home/varzonelp/Android/Sdk/ndk/26.3.11579264/toolchains/llvm/prebuilt/linux-x86_64/sysroot] ==> ignore
    arg [-pie] ==> ignore
    arg [-EL] ==> ignore
    arg [--fix-cortex-a53-843419] ==> ignore
    arg [-znow] ==> ignore
    arg [-zrelro] ==> ignore
    arg [-zmax-page-size=4096] ==> ignore
    arg [--hash-style=both] ==> ignore
    arg [--eh-frame-hdr] ==> ignore
    arg [-m] ==> ignore
    arg [aarch64linux] ==> ignore
    arg [-dynamic-linker] ==> ignore
    arg [/system/bin/linker64] ==> ignore
    arg [-o] ==> ignore
    arg [cmTC_7928e] ==> ignore
    arg [/home/varzonelp/Android/Sdk/ndk/26.3.11579264/toolchains/llvm/prebuilt/linux-x86_64/sysroot/usr/lib/aarch64-linux-android/21/crtbegin_dynamic.o] ==> obj [/home/varzonelp/Android/Sdk/ndk/26.3.11579264/toolchains/llvm/prebuilt/linux-x86_64/sysroot/usr/lib/aarch64-linux-android/21/crtbegin_dynamic.o]
    arg [-L/home/varzonelp/Android/Sdk/ndk/26.3.11579264/toolchains/llvm/prebuilt/linux-x86_64/lib/clang/17/lib/linux/aarch64] ==> dir [/home/varzonelp/Android/Sdk/ndk/26.3.11579264/toolchains/llvm/prebuilt/linux-x86_64/lib/clang/17/lib/linux/aarch64]
    arg [-L/home/varzonelp/Android/Sdk/ndk/26.3.11579264/toolchains/llvm/prebuilt/linux-x86_64/sysroot/usr/lib/aarch64-linux-android/21] ==> dir [/home/varzonelp/Android/Sdk/ndk/26.3.11579264/toolchains/llvm/prebuilt/linux-x86_64/sysroot/usr/lib/aarch64-linux-android/21]
    arg [-L/home/varzonelp/Android/Sdk/ndk/26.3.11579264/toolchains/llvm/prebuilt/linux-x86_64/sysroot/usr/lib/aarch64-linux-android] ==> dir [/home/varzonelp/Android/Sdk/ndk/26.3.11579264/toolchains/llvm/prebuilt/linux-x86_64/sysroot/usr/lib/aarch64-linux-android]
    arg [-L/home/varzonelp/Android/Sdk/ndk/26.3.11579264/toolchains/llvm/prebuilt/linux-x86_64/sysroot/usr/lib] ==> dir [/home/varzonelp/Android/Sdk/ndk/26.3.11579264/toolchains/llvm/prebuilt/linux-x86_64/sysroot/usr/lib]
    arg [--build-id=sha1] ==> ignore
    arg [--no-rosegment] ==> ignore
    arg [--no-undefined-version] ==> ignore
    arg [--fatal-warnings] ==> ignore
    arg [--no-undefined] ==> ignore
    arg [CMakeFiles/cmTC_7928e.dir/CMakeCXXCompilerABI.cpp.o] ==> ignore
    arg [-lc++] ==> lib [c++]
    arg [-lm] ==> lib [m]
    arg [/home/varzonelp/Android/Sdk/ndk/26.3.11579264/toolchains/llvm/prebuilt/linux-x86_64/lib/clang/17/lib/linux/libclang_rt.builtins-aarch64-android.a] ==> lib [/home/varzonelp/Android/Sdk/ndk/26.3.11579264/toolchains/llvm/prebuilt/linux-x86_64/lib/clang/17/lib/linux/libclang_rt.builtins-aarch64-android.a]
    arg [-l:libunwind.a] ==> lib [-l:libunwind.a]
    arg [-ldl] ==> lib [dl]
    arg [-lc] ==> lib [c]
    arg [/home/varzonelp/Android/Sdk/ndk/26.3.11579264/toolchains/llvm/prebuilt/linux-x86_64/lib/clang/17/lib/linux/libclang_rt.builtins-aarch64-android.a] ==> lib [/home/varzonelp/Android/Sdk/ndk/26.3.11579264/toolchains/llvm/prebuilt/linux-x86_64/lib/clang/17/lib/linux/libclang_rt.builtins-aarch64-android.a]
    arg [-l:libunwind.a] ==> lib [-l:libunwind.a]
    arg [-ldl] ==> lib [dl]
    arg [/home/varzonelp/Android/Sdk/ndk/26.3.11579264/toolchains/llvm/prebuilt/linux-x86_64/sysroot/usr/lib/aarch64-linux-android/21/crtend_android.o] ==> obj [/home/varzonelp/Android/Sdk/ndk/26.3.11579264/toolchains/llvm/prebuilt/linux-x86_64/sysroot/usr/lib/aarch64-linux-android/21/crtend_android.o]
  remove lib [/home/varzonelp/Android/Sdk/ndk/26.3.11579264/toolchains/llvm/prebuilt/linux-x86_64/lib/clang/17/lib/linux/libclang_rt.builtins-aarch64-android.a]
  remove lib [/home/varzonelp/Android/Sdk/ndk/26.3.11579264/toolchains/llvm/prebuilt/linux-x86_64/lib/clang/17/lib/linux/libclang_rt.builtins-aarch64-android.a]
  collapse library dir [/home/varzonelp/Android/Sdk/ndk/26.3.11579264/toolchains/llvm/prebuilt/linux-x86_64/lib/clang/17/lib/linux/aarch64] ==> [/home/varzonelp/Android/Sdk/ndk/26.3.11579264/toolchains/llvm/prebuilt/linux-x86_64/lib/clang/17/lib/linux/aarch64]
  collapse library dir [/home/varzonelp/Android/Sdk/ndk/26.3.11579264/toolchains/llvm/prebuilt/linux-x86_64/sysroot/usr/lib/aarch64-linux-android/21] ==> [/home/varzonelp/Android/Sdk/ndk/26.3.11579264/toolchains/llvm/prebuilt/linux-x86_64/sysroot/usr/lib/aarch64-linux-android/21]
  collapse library dir [/home/varzonelp/Android/Sdk/ndk/26.3.11579264/toolchains/llvm/prebuilt/linux-x86_64/sysroot/usr/lib/aarch64-linux-android] ==> [/home/varzonelp/Android/Sdk/ndk/26.3.11579264/toolchains/llvm/prebuilt/linux-x86_64/sysroot/usr/lib/aarch64-linux-android]
  collapse library dir [/home/varzonelp/Android/Sdk/ndk/26.3.11579264/toolchains/llvm/prebuilt/linux-x86_64/sysroot/usr/lib] ==> [/home/varzonelp/Android/Sdk/ndk/26.3.11579264/toolchains/llvm/prebuilt/linux-x86_64/sysroot/usr/lib]
  implicit libs: [c++;m;-l:libunwind.a;dl;c;-l:libunwind.a;dl]
  implicit objs: [/home/varzonelp/Android/Sdk/ndk/26.3.11579264/toolchains/llvm/prebuilt/linux-x86_64/sysroot/usr/lib/aarch64-linux-android/21/crtbegin_dynamic.o;/home/varzonelp/Android/Sdk/ndk/26.3.11579264/toolchains/llvm/prebuilt/linux-x86_64/sysroot/usr/lib/aarch64-linux-android/21/crtend_android.o]
  implicit dirs: [/home/varzonelp/Android/Sdk/ndk/26.3.11579264/toolchains/llvm/prebuilt/linux-x86_64/lib/clang/17/lib/linux/aarch64;/home/varzonelp/Android/Sdk/ndk/26.3.11579264/toolchains/llvm/prebuilt/linux-x86_64/sysroot/usr/lib/aarch64-linux-android/21;/home/varzonelp/Android/Sdk/ndk/26.3.11579264/toolchains/llvm/prebuilt/linux-x86_64/sysroot/usr/lib/aarch64-linux-android;/home/varzonelp/Android/Sdk/ndk/26.3.11579264/toolchains/llvm/prebuilt/linux-x86_64/sysroot/usr/lib]
  implicit fwks: []


Performing C SOURCE FILE Test CHECK_CPU_ARCHITECTURE_ARM64 succeeded with the following output:
Change Dir: /home/varzonelp/PROYECTOS/GDSRC/gd-web-decompiled/android/app/.cxx/Debug/k5041461/arm64-v8a/CMakeFiles/CMakeTmp

Run Build Command(s):/home/varzonelp/Android/Sdk/cmake/3.22.1/bin/ninja cmTC_94038 && [1/2] Building C object CMakeFiles/cmTC_94038.dir/src.c.o
[2/2] Linking C executable cmTC_94038


Source file was:

int main(int argc, char *argv[]) {
#if defined(__aarch64__) || defined(_M_ARM64)
  return 0;
#else
  choke
#endif
}

Performing C SOURCE FILE Test HAVE_GCC_WALL succeeded with the following output:
Change Dir: /home/varzonelp/PROYECTOS/GDSRC/gd-web-decompiled/android/app/.cxx/Debug/k5041461/arm64-v8a/CMakeFiles/CMakeTmp

Run Build Command(s):/home/varzonelp/Android/Sdk/cmake/3.22.1/bin/ninja cmTC_f1463 && [1/2] Building C object CMakeFiles/cmTC_f1463.dir/src.c.o
[2/2] Linking C executable cmTC_f1463


Source file was:
int main(void) { return 0; }
Performing C SOURCE FILE Test HAVE_GCC_WUNDEF succeeded with the following output:
Change Dir: /home/varzonelp/PROYECTOS/GDSRC/gd-web-decompiled/android/app/.cxx/Debug/k5041461/arm64-v8a/CMakeFiles/CMakeTmp

Run Build Command(s):/home/varzonelp/Android/Sdk/cmake/3.22.1/bin/ninja cmTC_5a05b && [1/2] Building C object CMakeFiles/cmTC_5a05b.dir/src.c.o
[2/2] Linking C executable cmTC_5a05b


Source file was:
int main(void) { return 0; }
Performing C SOURCE FILE Test HAVE_GCC_NO_STRICT_ALIASING succeeded with the following output:
Change Dir: /home/varzonelp/PROYECTOS/GDSRC/gd-web-decompiled/android/app/.cxx/Debug/k5041461/arm64-v8a/CMakeFiles/CMakeTmp

Run Build Command(s):/home/varzonelp/Android/Sdk/cmake/3.22.1/bin/ninja cmTC_31aec && [1/2] Building C object CMakeFiles/cmTC_31aec.dir/src.c.o
[2/2] Linking C executable cmTC_31aec


Source file was:
int main(void) { return 0; }
Performing C SOURCE FILE Test HAVE_GCC_WDOCUMENTATION succeeded with the following output:
Change Dir: /home/varzonelp/PROYECTOS/GDSRC/gd-web-decompiled/android/app/.cxx/Debug/k5041461/arm64-v8a/CMakeFiles/CMakeTmp

Run Build Command(s):/home/varzonelp/Android/Sdk/cmake/3.22.1/bin/ninja cmTC_0aec0 && [1/2] Building C object CMakeFiles/cmTC_0aec0.dir/src.c.o
[2/2] Linking C executable cmTC_0aec0


Source file was:
int main(void) { return 0; }
Performing C SOURCE FILE Test HAVE_GCC_WDOCUMENTATION_UNKNOWN_COMMAND succeeded with the following output:
Change Dir: /home/varzonelp/PROYECTOS/GDSRC/gd-web-decompiled/android/app/.cxx/Debug/k5041461/arm64-v8a/CMakeFiles/CMakeTmp

Run Build Command(s):/home/varzonelp/Android/Sdk/cmake/3.22.1/bin/ninja cmTC_8f621 && [1/2] Building C object CMakeFiles/cmTC_8f621.dir/src.c.o
[2/2] Linking C executable cmTC_8f621


Source file was:
int main(void) { return 0; }
Performing C SOURCE FILE Test HAVE_GCC_COMMENT_BLOCK_COMMANDS succeeded with the following output:
Change Dir: /home/varzonelp/PROYECTOS/GDSRC/gd-web-decompiled/android/app/.cxx/Debug/k5041461/arm64-v8a/CMakeFiles/CMakeTmp

Run Build Command(s):/home/varzonelp/Android/Sdk/cmake/3.22.1/bin/ninja cmTC_897ed && [1/2] Building C object CMakeFiles/cmTC_897ed.dir/src.c.o
[2/2] Linking C executable cmTC_897ed


Source file was:
int main(void) { return 0; }
Performing C SOURCE FILE Test HAVE_GCC_WDECLARATION_AFTER_STATEMENT succeeded with the following output:
Change Dir: /home/varzonelp/PROYECTOS/GDSRC/gd-web-decompiled/android/app/.cxx/Debug/k5041461/arm64-v8a/CMakeFiles/CMakeTmp

Run Build Command(s):/home/varzonelp/Android/Sdk/cmake/3.22.1/bin/ninja cmTC_6392f && [1/2] Building C object CMakeFiles/cmTC_6392f.dir/src.c.o
[2/2] Linking C executable cmTC_6392f


Source file was:
int main(void) { return 0; }
Performing C SOURCE FILE Test HAVE_GCC_ATOMICS succeeded with the following output:
Change Dir: /home/varzonelp/PROYECTOS/GDSRC/gd-web-decompiled/android/app/.cxx/Debug/k5041461/arm64-v8a/CMakeFiles/CMakeTmp

Run Build Command(s):/home/varzonelp/Android/Sdk/cmake/3.22.1/bin/ninja cmTC_957b6 && [1/2] Building C object CMakeFiles/cmTC_957b6.dir/src.c.o
[2/2] Linking C executable cmTC_957b6


Source file was:
int main(int argc, char **argv) {
        int a;
        void *x, *y, *z;
        __sync_lock_test_and_set(&a, 4);
        __sync_lock_test_and_set(&x, y);
        __sync_fetch_and_add(&a, 1);
        __sync_bool_compare_and_swap(&a, 5, 10);
        __sync_bool_compare_and_swap(&x, y, z);
        return 0; }
Performing C SOURCE FILE Test HAVE_GCC_FVISIBILITY succeeded with the following output:
Change Dir: /home/varzonelp/PROYECTOS/GDSRC/gd-web-decompiled/android/app/.cxx/Debug/k5041461/arm64-v8a/CMakeFiles/CMakeTmp

Run Build Command(s):/home/varzonelp/Android/Sdk/cmake/3.22.1/bin/ninja cmTC_75465 && [1/2] Building C object CMakeFiles/cmTC_75465.dir/src.c.o
[2/2] Linking C executable cmTC_75465


Source file was:

      #if !defined(__GNUC__) || __GNUC__ < 4
      #error SDL only uses visibility attributes in GCC 4 or newer
      #endif
      int main(int argc, char **argv) { return 0; }
Performing C SOURCE FILE Test HAVE_GCC_WSHADOW succeeded with the following output:
Change Dir: /home/varzonelp/PROYECTOS/GDSRC/gd-web-decompiled/android/app/.cxx/Debug/k5041461/arm64-v8a/CMakeFiles/CMakeTmp

Run Build Command(s):/home/varzonelp/Android/Sdk/cmake/3.22.1/bin/ninja cmTC_d84b1 && [1/2] Building C object CMakeFiles/cmTC_d84b1.dir/src.c.o
[2/2] Linking C executable cmTC_d84b1


Source file was:
int main(void) { return 0; }
Performing C SOURCE FILE Test HAVE_GCC_WUNUSED_LOCAL_TYPEDEFS succeeded with the following output:
Change Dir: /home/varzonelp/PROYECTOS/GDSRC/gd-web-decompiled/android/app/.cxx/Debug/k5041461/arm64-v8a/CMakeFiles/CMakeTmp

Run Build Command(s):/home/varzonelp/Android/Sdk/cmake/3.22.1/bin/ninja cmTC_9df66 && [1/2] Building C object CMakeFiles/cmTC_9df66.dir/src.c.o
[2/2] Linking C executable cmTC_9df66


Source file was:
int main(void) { return 0; }
Performing C SOURCE FILE Test HAVE_NO_UNDEFINED succeeded with the following output:
Change Dir: /home/varzonelp/PROYECTOS/GDSRC/gd-web-decompiled/android/app/.cxx/Debug/k5041461/arm64-v8a/CMakeFiles/CMakeTmp

Run Build Command(s):/home/varzonelp/Android/Sdk/cmake/3.22.1/bin/ninja cmTC_744e8 && [1/2] Building C object CMakeFiles/cmTC_744e8.dir/src.c.o
clang: warning: -Wl,--no-undefined: 'linker' input unused [-Wunused-command-line-argument]
[2/2] Linking C executable cmTC_744e8


Source file was:
int main(void) { return 0; }
Determining if the include file ctype.h exists passed with the following output:
Change Dir: /home/varzonelp/PROYECTOS/GDSRC/gd-web-decompiled/android/app/.cxx/Debug/k5041461/arm64-v8a/CMakeFiles/CMakeTmp

Run Build Command(s):/home/varzonelp/Android/Sdk/cmake/3.22.1/bin/ninja cmTC_83d14 && [1/2] Building C object CMakeFiles/cmTC_83d14.dir/CheckIncludeFile.c.o
[2/2] Linking C executable cmTC_83d14



Determining if the include file float.h exists passed with the following output:
Change Dir: /home/varzonelp/PROYECTOS/GDSRC/gd-web-decompiled/android/app/.cxx/Debug/k5041461/arm64-v8a/CMakeFiles/CMakeTmp

Run Build Command(s):/home/varzonelp/Android/Sdk/cmake/3.22.1/bin/ninja cmTC_de211 && [1/2] Building C object CMakeFiles/cmTC_de211.dir/CheckIncludeFile.c.o
[2/2] Linking C executable cmTC_de211



Determining if the include file iconv.h exists passed with the following output:
Change Dir: /home/varzonelp/PROYECTOS/GDSRC/gd-web-decompiled/android/app/.cxx/Debug/k5041461/arm64-v8a/CMakeFiles/CMakeTmp

Run Build Command(s):/home/varzonelp/Android/Sdk/cmake/3.22.1/bin/ninja cmTC_9a80d && [1/2] Building C object CMakeFiles/cmTC_9a80d.dir/CheckIncludeFile.c.o
[2/2] Linking C executable cmTC_9a80d



Determining if the include file inttypes.h exists passed with the following output:
Change Dir: /home/varzonelp/PROYECTOS/GDSRC/gd-web-decompiled/android/app/.cxx/Debug/k5041461/arm64-v8a/CMakeFiles/CMakeTmp

Run Build Command(s):/home/varzonelp/Android/Sdk/cmake/3.22.1/bin/ninja cmTC_3bc4c && [1/2] Building C object CMakeFiles/cmTC_3bc4c.dir/CheckIncludeFile.c.o
[2/2] Linking C executable cmTC_3bc4c



Determining if the include file limits.h exists passed with the following output:
Change Dir: /home/varzonelp/PROYECTOS/GDSRC/gd-web-decompiled/android/app/.cxx/Debug/k5041461/arm64-v8a/CMakeFiles/CMakeTmp

Run Build Command(s):/home/varzonelp/Android/Sdk/cmake/3.22.1/bin/ninja cmTC_2822c && [1/2] Building C object CMakeFiles/cmTC_2822c.dir/CheckIncludeFile.c.o
[2/2] Linking C executable cmTC_2822c



Determining if the include file malloc.h exists passed with the following output:
Change Dir: /home/varzonelp/PROYECTOS/GDSRC/gd-web-decompiled/android/app/.cxx/Debug/k5041461/arm64-v8a/CMakeFiles/CMakeTmp

Run Build Command(s):/home/varzonelp/Android/Sdk/cmake/3.22.1/bin/ninja cmTC_0cc4d && [1/2] Building C object CMakeFiles/cmTC_0cc4d.dir/CheckIncludeFile.c.o
[2/2] Linking C executable cmTC_0cc4d



Determining if the include file math.h exists passed with the following output:
Change Dir: /home/varzonelp/PROYECTOS/GDSRC/gd-web-decompiled/android/app/.cxx/Debug/k5041461/arm64-v8a/CMakeFiles/CMakeTmp

Run Build Command(s):/home/varzonelp/Android/Sdk/cmake/3.22.1/bin/ninja cmTC_f06ac && [1/2] Building C object CMakeFiles/cmTC_f06ac.dir/CheckIncludeFile.c.o
[2/2] Linking C executable cmTC_f06ac



Determining if the include file memory.h exists passed with the following output:
Change Dir: /home/varzonelp/PROYECTOS/GDSRC/gd-web-decompiled/android/app/.cxx/Debug/k5041461/arm64-v8a/CMakeFiles/CMakeTmp

Run Build Command(s):/home/varzonelp/Android/Sdk/cmake/3.22.1/bin/ninja cmTC_45544 && [1/2] Building C object CMakeFiles/cmTC_45544.dir/CheckIncludeFile.c.o
[2/2] Linking C executable cmTC_45544



Determining if the include file signal.h exists passed with the following output:
Change Dir: /home/varzonelp/PROYECTOS/GDSRC/gd-web-decompiled/android/app/.cxx/Debug/k5041461/arm64-v8a/CMakeFiles/CMakeTmp

Run Build Command(s):/home/varzonelp/Android/Sdk/cmake/3.22.1/bin/ninja cmTC_884bb && [1/2] Building C object CMakeFiles/cmTC_884bb.dir/CheckIncludeFile.c.o
[2/2] Linking C executable cmTC_884bb



Determining if the include file stdarg.h exists passed with the following output:
Change Dir: /home/varzonelp/PROYECTOS/GDSRC/gd-web-decompiled/android/app/.cxx/Debug/k5041461/arm64-v8a/CMakeFiles/CMakeTmp

Run Build Command(s):/home/varzonelp/Android/Sdk/cmake/3.22.1/bin/ninja cmTC_13443 && [1/2] Building C object CMakeFiles/cmTC_13443.dir/CheckIncludeFile.c.o
[2/2] Linking C executable cmTC_13443



Determining if the include file stddef.h exists passed with the following output:
Change Dir: /home/varzonelp/PROYECTOS/GDSRC/gd-web-decompiled/android/app/.cxx/Debug/k5041461/arm64-v8a/CMakeFiles/CMakeTmp

Run Build Command(s):/home/varzonelp/Android/Sdk/cmake/3.22.1/bin/ninja cmTC_751ad && [1/2] Building C object CMakeFiles/cmTC_751ad.dir/CheckIncludeFile.c.o
[2/2] Linking C executable cmTC_751ad



Determining if the include file stdint.h exists passed with the following output:
Change Dir: /home/varzonelp/PROYECTOS/GDSRC/gd-web-decompiled/android/app/.cxx/Debug/k5041461/arm64-v8a/CMakeFiles/CMakeTmp

Run Build Command(s):/home/varzonelp/Android/Sdk/cmake/3.22.1/bin/ninja cmTC_f55bd && [1/2] Building C object CMakeFiles/cmTC_f55bd.dir/CheckIncludeFile.c.o
[2/2] Linking C executable cmTC_f55bd



Determining if the include file stdio.h exists passed with the following output:
Change Dir: /home/varzonelp/PROYECTOS/GDSRC/gd-web-decompiled/android/app/.cxx/Debug/k5041461/arm64-v8a/CMakeFiles/CMakeTmp

Run Build Command(s):/home/varzonelp/Android/Sdk/cmake/3.22.1/bin/ninja cmTC_ca377 && [1/2] Building C object CMakeFiles/cmTC_ca377.dir/CheckIncludeFile.c.o
[2/2] Linking C executable cmTC_ca377



Determining if the include file stdlib.h exists passed with the following output:
Change Dir: /home/varzonelp/PROYECTOS/GDSRC/gd-web-decompiled/android/app/.cxx/Debug/k5041461/arm64-v8a/CMakeFiles/CMakeTmp

Run Build Command(s):/home/varzonelp/Android/Sdk/cmake/3.22.1/bin/ninja cmTC_2e414 && [1/2] Building C object CMakeFiles/cmTC_2e414.dir/CheckIncludeFile.c.o
[2/2] Linking C executable cmTC_2e414



Determining if the include file string.h exists passed with the following output:
Change Dir: /home/varzonelp/PROYECTOS/GDSRC/gd-web-decompiled/android/app/.cxx/Debug/k5041461/arm64-v8a/CMakeFiles/CMakeTmp

Run Build Command(s):/home/varzonelp/Android/Sdk/cmake/3.22.1/bin/ninja cmTC_22afb && [1/2] Building C object CMakeFiles/cmTC_22afb.dir/CheckIncludeFile.c.o
[2/2] Linking C executable cmTC_22afb



Determining if the include file strings.h exists passed with the following output:
Change Dir: /home/varzonelp/PROYECTOS/GDSRC/gd-web-decompiled/android/app/.cxx/Debug/k5041461/arm64-v8a/CMakeFiles/CMakeTmp

Run Build Command(s):/home/varzonelp/Android/Sdk/cmake/3.22.1/bin/ninja cmTC_01b96 && [1/2] Building C object CMakeFiles/cmTC_01b96.dir/CheckIncludeFile.c.o
[2/2] Linking C executable cmTC_01b96



Determining if the include file sys/types.h exists passed with the following output:
Change Dir: /home/varzonelp/PROYECTOS/GDSRC/gd-web-decompiled/android/app/.cxx/Debug/k5041461/arm64-v8a/CMakeFiles/CMakeTmp

Run Build Command(s):/home/varzonelp/Android/Sdk/cmake/3.22.1/bin/ninja cmTC_26e7b && [1/2] Building C object CMakeFiles/cmTC_26e7b.dir/CheckIncludeFile.c.o
[2/2] Linking C executable cmTC_26e7b



Determining if the include file wchar.h exists passed with the following output:
Change Dir: /home/varzonelp/PROYECTOS/GDSRC/gd-web-decompiled/android/app/.cxx/Debug/k5041461/arm64-v8a/CMakeFiles/CMakeTmp

Run Build Command(s):/home/varzonelp/Android/Sdk/cmake/3.22.1/bin/ninja cmTC_44843 && [1/2] Building C object CMakeFiles/cmTC_44843.dir/CheckIncludeFile.c.o
[2/2] Linking C executable cmTC_44843



Determining if files stddef.h;stdarg.h;stdlib.h;string.h;stdio.h;wchar.h;float.h exist passed with the following output:
Change Dir: /home/varzonelp/PROYECTOS/GDSRC/gd-web-decompiled/android/app/.cxx/Debug/k5041461/arm64-v8a/CMakeFiles/CMakeTmp

Run Build Command(s):/home/varzonelp/Android/Sdk/cmake/3.22.1/bin/ninja cmTC_04e19 && [1/2] Building C object CMakeFiles/cmTC_04e19.dir/STDC_HEADERS.c.o
[2/2] Linking C executable cmTC_04e19



Determining if the M_PI exist passed with the following output:
Change Dir: /home/varzonelp/PROYECTOS/GDSRC/gd-web-decompiled/android/app/.cxx/Debug/k5041461/arm64-v8a/CMakeFiles/CMakeTmp

Run Build Command(s):/home/varzonelp/Android/Sdk/cmake/3.22.1/bin/ninja cmTC_3841a && [1/2] Building C object CMakeFiles/cmTC_3841a.dir/CheckSymbolExists.c.o
[2/2] Linking C executable cmTC_3841a


File /home/varzonelp/PROYECTOS/GDSRC/gd-web-decompiled/android/app/.cxx/Debug/k5041461/arm64-v8a/CMakeFiles/CMakeTmp/CheckSymbolExists.c:
/* */
#include <math.h>

int main(int argc, char** argv)
{
  (void)argv;
#ifndef M_PI
  return ((int*)(&M_PI))[argc];
#else
  (void)argc;
  return 0;
#endif
}
Performing C SOURCE FILE Test HAVE_MPROTECT succeeded with the following output:
Change Dir: /home/varzonelp/PROYECTOS/GDSRC/gd-web-decompiled/android/app/.cxx/Debug/k5041461/arm64-v8a/CMakeFiles/CMakeTmp

Run Build Command(s):/home/varzonelp/Android/Sdk/cmake/3.22.1/bin/ninja cmTC_3fe8a && [1/2] Building C object CMakeFiles/cmTC_3fe8a.dir/src.c.o
[2/2] Linking C executable cmTC_3fe8a


Source file was:
#include <sys/types.h>
                             #include <sys/mman.h>
                             int main(void) { return 0; }
Determining if the strtod exist passed with the following output:
Change Dir: /home/varzonelp/PROYECTOS/GDSRC/gd-web-decompiled/android/app/.cxx/Debug/k5041461/arm64-v8a/CMakeFiles/CMakeTmp

Run Build Command(s):/home/varzonelp/Android/Sdk/cmake/3.22.1/bin/ninja cmTC_5003f && [1/2] Building C object CMakeFiles/cmTC_5003f.dir/CheckSymbolExists.c.o
[2/2] Linking C executable cmTC_5003f


File /home/varzonelp/PROYECTOS/GDSRC/gd-web-decompiled/android/app/.cxx/Debug/k5041461/arm64-v8a/CMakeFiles/CMakeTmp/CheckSymbolExists.c:
/* */
#include <stddef.h>
#include <stdarg.h>
#include <stdlib.h>
#include <string.h>
#include <stdio.h>
#include <wchar.h>
#include <float.h>

int main(int argc, char** argv)
{
  (void)argv;
#ifndef strtod
  return ((int*)(&strtod))[argc];
#else
  (void)argc;
  return 0;
#endif
}
Determining if the malloc exist passed with the following output:
Change Dir: /home/varzonelp/PROYECTOS/GDSRC/gd-web-decompiled/android/app/.cxx/Debug/k5041461/arm64-v8a/CMakeFiles/CMakeTmp

Run Build Command(s):/home/varzonelp/Android/Sdk/cmake/3.22.1/bin/ninja cmTC_d4dd7 && [1/2] Building C object CMakeFiles/cmTC_d4dd7.dir/CheckSymbolExists.c.o
[2/2] Linking C executable cmTC_d4dd7


File /home/varzonelp/PROYECTOS/GDSRC/gd-web-decompiled/android/app/.cxx/Debug/k5041461/arm64-v8a/CMakeFiles/CMakeTmp/CheckSymbolExists.c:
/* */
#include <stddef.h>
#include <stdarg.h>
#include <stdlib.h>
#include <string.h>
#include <stdio.h>
#include <wchar.h>
#include <float.h>

int main(int argc, char** argv)
{
  (void)argv;
#ifndef malloc
  return ((int*)(&malloc))[argc];
#else
  (void)argc;
  return 0;
#endif
}
Determining if the calloc exist passed with the following output:
Change Dir: /home/varzonelp/PROYECTOS/GDSRC/gd-web-decompiled/android/app/.cxx/Debug/k5041461/arm64-v8a/CMakeFiles/CMakeTmp

Run Build Command(s):/home/varzonelp/Android/Sdk/cmake/3.22.1/bin/ninja cmTC_acab9 && [1/2] Building C object CMakeFiles/cmTC_acab9.dir/CheckSymbolExists.c.o
[2/2] Linking C executable cmTC_acab9


File /home/varzonelp/PROYECTOS/GDSRC/gd-web-decompiled/android/app/.cxx/Debug/k5041461/arm64-v8a/CMakeFiles/CMakeTmp/CheckSymbolExists.c:
/* */
#include <stddef.h>
#include <stdarg.h>
#include <stdlib.h>
#include <string.h>
#include <stdio.h>
#include <wchar.h>
#include <float.h>

int main(int argc, char** argv)
{
  (void)argv;
#ifndef calloc
  return ((int*)(&calloc))[argc];
#else
  (void)argc;
  return 0;
#endif
}
Determining if the realloc exist passed with the following output:
Change Dir: /home/varzonelp/PROYECTOS/GDSRC/gd-web-decompiled/android/app/.cxx/Debug/k5041461/arm64-v8a/CMakeFiles/CMakeTmp

Run Build Command(s):/home/varzonelp/Android/Sdk/cmake/3.22.1/bin/ninja cmTC_dc84e && [1/2] Building C object CMakeFiles/cmTC_dc84e.dir/CheckSymbolExists.c.o
[2/2] Linking C executable cmTC_dc84e


File /home/varzonelp/PROYECTOS/GDSRC/gd-web-decompiled/android/app/.cxx/Debug/k5041461/arm64-v8a/CMakeFiles/CMakeTmp/CheckSymbolExists.c:
/* */
#include <stddef.h>
#include <stdarg.h>
#include <stdlib.h>
#include <string.h>
#include <stdio.h>
#include <wchar.h>
#include <float.h>

int main(int argc, char** argv)
{
  (void)argv;
#ifndef realloc
  return ((int*)(&realloc))[argc];
#else
  (void)argc;
  return 0;
#endif
}
Determining if the free exist passed with the following output:
Change Dir: /home/varzonelp/PROYECTOS/GDSRC/gd-web-decompiled/android/app/.cxx/Debug/k5041461/arm64-v8a/CMakeFiles/CMakeTmp

Run Build Command(s):/home/varzonelp/Android/Sdk/cmake/3.22.1/bin/ninja cmTC_32021 && [1/2] Building C object CMakeFiles/cmTC_32021.dir/CheckSymbolExists.c.o
[2/2] Linking C executable cmTC_32021


File /home/varzonelp/PROYECTOS/GDSRC/gd-web-decompiled/android/app/.cxx/Debug/k5041461/arm64-v8a/CMakeFiles/CMakeTmp/CheckSymbolExists.c:
/* */
#include <stddef.h>
#include <stdarg.h>
#include <stdlib.h>
#include <string.h>
#include <stdio.h>
#include <wchar.h>
#include <float.h>

int main(int argc, char** argv)
{
  (void)argv;
#ifndef free
  return ((int*)(&free))[argc];
#else
  (void)argc;
  return 0;
#endif
}
Determining if the getenv exist passed with the following output:
Change Dir: /home/varzonelp/PROYECTOS/GDSRC/gd-web-decompiled/android/app/.cxx/Debug/k5041461/arm64-v8a/CMakeFiles/CMakeTmp

Run Build Command(s):/home/varzonelp/Android/Sdk/cmake/3.22.1/bin/ninja cmTC_811b8 && [1/2] Building C object CMakeFiles/cmTC_811b8.dir/CheckSymbolExists.c.o
[2/2] Linking C executable cmTC_811b8


File /home/varzonelp/PROYECTOS/GDSRC/gd-web-decompiled/android/app/.cxx/Debug/k5041461/arm64-v8a/CMakeFiles/CMakeTmp/CheckSymbolExists.c:
/* */
#include <stddef.h>
#include <stdarg.h>
#include <stdlib.h>
#include <string.h>
#include <stdio.h>
#include <wchar.h>
#include <float.h>

int main(int argc, char** argv)
{
  (void)argv;
#ifndef getenv
  return ((int*)(&getenv))[argc];
#else
  (void)argc;
  return 0;
#endif
}
Determining if the setenv exist passed with the following output:
Change Dir: /home/varzonelp/PROYECTOS/GDSRC/gd-web-decompiled/android/app/.cxx/Debug/k5041461/arm64-v8a/CMakeFiles/CMakeTmp

Run Build Command(s):/home/varzonelp/Android/Sdk/cmake/3.22.1/bin/ninja cmTC_cd4e7 && [1/2] Building C object CMakeFiles/cmTC_cd4e7.dir/CheckSymbolExists.c.o
[2/2] Linking C executable cmTC_cd4e7


File /home/varzonelp/PROYECTOS/GDSRC/gd-web-decompiled/android/app/.cxx/Debug/k5041461/arm64-v8a/CMakeFiles/CMakeTmp/CheckSymbolExists.c:
/* */
#include <stddef.h>
#include <stdarg.h>
#include <stdlib.h>
#include <string.h>
#include <stdio.h>
#include <wchar.h>
#include <float.h>

int main(int argc, char** argv)
{
  (void)argv;
#ifndef setenv
  return ((int*)(&setenv))[argc];
#else
  (void)argc;
  return 0;
#endif
}
Determining if the putenv exist passed with the following output:
Change Dir: /home/varzonelp/PROYECTOS/GDSRC/gd-web-decompiled/android/app/.cxx/Debug/k5041461/arm64-v8a/CMakeFiles/CMakeTmp

Run Build Command(s):/home/varzonelp/Android/Sdk/cmake/3.22.1/bin/ninja cmTC_85ae3 && [1/2] Building C object CMakeFiles/cmTC_85ae3.dir/CheckSymbolExists.c.o
[2/2] Linking C executable cmTC_85ae3


File /home/varzonelp/PROYECTOS/GDSRC/gd-web-decompiled/android/app/.cxx/Debug/k5041461/arm64-v8a/CMakeFiles/CMakeTmp/CheckSymbolExists.c:
/* */
#include <stddef.h>
#include <stdarg.h>
#include <stdlib.h>
#include <string.h>
#include <stdio.h>
#include <wchar.h>
#include <float.h>

int main(int argc, char** argv)
{
  (void)argv;
#ifndef putenv
  return ((int*)(&putenv))[argc];
#else
  (void)argc;
  return 0;
#endif
}
Determining if the unsetenv exist passed with the following output:
Change Dir: /home/varzonelp/PROYECTOS/GDSRC/gd-web-decompiled/android/app/.cxx/Debug/k5041461/arm64-v8a/CMakeFiles/CMakeTmp

Run Build Command(s):/home/varzonelp/Android/Sdk/cmake/3.22.1/bin/ninja cmTC_4bfaa && [1/2] Building C object CMakeFiles/cmTC_4bfaa.dir/CheckSymbolExists.c.o
[2/2] Linking C executable cmTC_4bfaa


File /home/varzonelp/PROYECTOS/GDSRC/gd-web-decompiled/android/app/.cxx/Debug/k5041461/arm64-v8a/CMakeFiles/CMakeTmp/CheckSymbolExists.c:
/* */
#include <stddef.h>
#include <stdarg.h>
#include <stdlib.h>
#include <string.h>
#include <stdio.h>
#include <wchar.h>
#include <float.h>

int main(int argc, char** argv)
{
  (void)argv;
#ifndef unsetenv
  return ((int*)(&unsetenv))[argc];
#else
  (void)argc;
  return 0;
#endif
}
Determining if the bsearch exist passed with the following output:
Change Dir: /home/varzonelp/PROYECTOS/GDSRC/gd-web-decompiled/android/app/.cxx/Debug/k5041461/arm64-v8a/CMakeFiles/CMakeTmp

Run Build Command(s):/home/varzonelp/Android/Sdk/cmake/3.22.1/bin/ninja cmTC_19b94 && [1/2] Building C object CMakeFiles/cmTC_19b94.dir/CheckSymbolExists.c.o
[2/2] Linking C executable cmTC_19b94


File /home/varzonelp/PROYECTOS/GDSRC/gd-web-decompiled/android/app/.cxx/Debug/k5041461/arm64-v8a/CMakeFiles/CMakeTmp/CheckSymbolExists.c:
/* */
#include <stddef.h>
#include <stdarg.h>
#include <stdlib.h>
#include <string.h>
#include <stdio.h>
#include <wchar.h>
#include <float.h>

int main(int argc, char** argv)
{
  (void)argv;
#ifndef bsearch
  return ((int*)(&bsearch))[argc];
#else
  (void)argc;
  return 0;
#endif
}
Determining if the qsort exist passed with the following output:
Change Dir: /home/varzonelp/PROYECTOS/GDSRC/gd-web-decompiled/android/app/.cxx/Debug/k5041461/arm64-v8a/CMakeFiles/CMakeTmp

Run Build Command(s):/home/varzonelp/Android/Sdk/cmake/3.22.1/bin/ninja cmTC_b50a5 && [1/2] Building C object CMakeFiles/cmTC_b50a5.dir/CheckSymbolExists.c.o
[2/2] Linking C executable cmTC_b50a5


File /home/varzonelp/PROYECTOS/GDSRC/gd-web-decompiled/android/app/.cxx/Debug/k5041461/arm64-v8a/CMakeFiles/CMakeTmp/CheckSymbolExists.c:
/* */
#include <stddef.h>
#include <stdarg.h>
#include <stdlib.h>
#include <string.h>
#include <stdio.h>
#include <wchar.h>
#include <float.h>

int main(int argc, char** argv)
{
  (void)argv;
#ifndef qsort
  return ((int*)(&qsort))[argc];
#else
  (void)argc;
  return 0;
#endif
}
Determining if the abs exist passed with the following output:
Change Dir: /home/varzonelp/PROYECTOS/GDSRC/gd-web-decompiled/android/app/.cxx/Debug/k5041461/arm64-v8a/CMakeFiles/CMakeTmp

Run Build Command(s):/home/varzonelp/Android/Sdk/cmake/3.22.1/bin/ninja cmTC_82450 && [1/2] Building C object CMakeFiles/cmTC_82450.dir/CheckSymbolExists.c.o
[2/2] Linking C executable cmTC_82450


File /home/varzonelp/PROYECTOS/GDSRC/gd-web-decompiled/android/app/.cxx/Debug/k5041461/arm64-v8a/CMakeFiles/CMakeTmp/CheckSymbolExists.c:
/* */
#include <stddef.h>
#include <stdarg.h>
#include <stdlib.h>
#include <string.h>
#include <stdio.h>
#include <wchar.h>
#include <float.h>

int main(int argc, char** argv)
{
  (void)argv;
#ifndef abs
  return ((int*)(&abs))[argc];
#else
  (void)argc;
  return 0;
#endif
}
Determining if the bcopy exist passed with the following output:
Change Dir: /home/varzonelp/PROYECTOS/GDSRC/gd-web-decompiled/android/app/.cxx/Debug/k5041461/arm64-v8a/CMakeFiles/CMakeTmp

Run Build Command(s):/home/varzonelp/Android/Sdk/cmake/3.22.1/bin/ninja cmTC_35475 && [1/2] Building C object CMakeFiles/cmTC_35475.dir/CheckSymbolExists.c.o
[2/2] Linking C executable cmTC_35475


File /home/varzonelp/PROYECTOS/GDSRC/gd-web-decompiled/android/app/.cxx/Debug/k5041461/arm64-v8a/CMakeFiles/CMakeTmp/CheckSymbolExists.c:
/* */
#include <stddef.h>
#include <stdarg.h>
#include <stdlib.h>
#include <string.h>
#include <stdio.h>
#include <wchar.h>
#include <float.h>

int main(int argc, char** argv)
{
  (void)argv;
#ifndef bcopy
  return ((int*)(&bcopy))[argc];
#else
  (void)argc;
  return 0;
#endif
}
Determining if the memset exist passed with the following output:
Change Dir: /home/varzonelp/PROYECTOS/GDSRC/gd-web-decompiled/android/app/.cxx/Debug/k5041461/arm64-v8a/CMakeFiles/CMakeTmp

Run Build Command(s):/home/varzonelp/Android/Sdk/cmake/3.22.1/bin/ninja cmTC_f0d58 && [1/2] Building C object CMakeFiles/cmTC_f0d58.dir/CheckSymbolExists.c.o
[2/2] Linking C executable cmTC_f0d58


File /home/varzonelp/PROYECTOS/GDSRC/gd-web-decompiled/android/app/.cxx/Debug/k5041461/arm64-v8a/CMakeFiles/CMakeTmp/CheckSymbolExists.c:
/* */
#include <stddef.h>
#include <stdarg.h>
#include <stdlib.h>
#include <string.h>
#include <stdio.h>
#include <wchar.h>
#include <float.h>

int main(int argc, char** argv)
{
  (void)argv;
#ifndef memset
  return ((int*)(&memset))[argc];
#else
  (void)argc;
  return 0;
#endif
}
Determining if the memcpy exist passed with the following output:
Change Dir: /home/varzonelp/PROYECTOS/GDSRC/gd-web-decompiled/android/app/.cxx/Debug/k5041461/arm64-v8a/CMakeFiles/CMakeTmp

Run Build Command(s):/home/varzonelp/Android/Sdk/cmake/3.22.1/bin/ninja cmTC_ec32f && [1/2] Building C object CMakeFiles/cmTC_ec32f.dir/CheckSymbolExists.c.o
[2/2] Linking C executable cmTC_ec32f


File /home/varzonelp/PROYECTOS/GDSRC/gd-web-decompiled/android/app/.cxx/Debug/k5041461/arm64-v8a/CMakeFiles/CMakeTmp/CheckSymbolExists.c:
/* */
#include <stddef.h>
#include <stdarg.h>
#include <stdlib.h>
#include <string.h>
#include <stdio.h>
#include <wchar.h>
#include <float.h>

int main(int argc, char** argv)
{
  (void)argv;
#ifndef memcpy
  return ((int*)(&memcpy))[argc];
#else
  (void)argc;
  return 0;
#endif
}
Determining if the memmove exist passed with the following output:
Change Dir: /home/varzonelp/PROYECTOS/GDSRC/gd-web-decompiled/android/app/.cxx/Debug/k5041461/arm64-v8a/CMakeFiles/CMakeTmp

Run Build Command(s):/home/varzonelp/Android/Sdk/cmake/3.22.1/bin/ninja cmTC_ba940 && [1/2] Building C object CMakeFiles/cmTC_ba940.dir/CheckSymbolExists.c.o
[2/2] Linking C executable cmTC_ba940


File /home/varzonelp/PROYECTOS/GDSRC/gd-web-decompiled/android/app/.cxx/Debug/k5041461/arm64-v8a/CMakeFiles/CMakeTmp/CheckSymbolExists.c:
/* */
#include <stddef.h>
#include <stdarg.h>
#include <stdlib.h>
#include <string.h>
#include <stdio.h>
#include <wchar.h>
#include <float.h>

int main(int argc, char** argv)
{
  (void)argv;
#ifndef memmove
  return ((int*)(&memmove))[argc];
#else
  (void)argc;
  return 0;
#endif
}
Determining if the memcmp exist passed with the following output:
Change Dir: /home/varzonelp/PROYECTOS/GDSRC/gd-web-decompiled/android/app/.cxx/Debug/k5041461/arm64-v8a/CMakeFiles/CMakeTmp

Run Build Command(s):/home/varzonelp/Android/Sdk/cmake/3.22.1/bin/ninja cmTC_fdc0d && [1/2] Building C object CMakeFiles/cmTC_fdc0d.dir/CheckSymbolExists.c.o
[2/2] Linking C executable cmTC_fdc0d


File /home/varzonelp/PROYECTOS/GDSRC/gd-web-decompiled/android/app/.cxx/Debug/k5041461/arm64-v8a/CMakeFiles/CMakeTmp/CheckSymbolExists.c:
/* */
#include <stddef.h>
#include <stdarg.h>
#include <stdlib.h>
#include <string.h>
#include <stdio.h>
#include <wchar.h>
#include <float.h>

int main(int argc, char** argv)
{
  (void)argv;
#ifndef memcmp
  return ((int*)(&memcmp))[argc];
#else
  (void)argc;
  return 0;
#endif
}
Determining if the strlen exist passed with the following output:
Change Dir: /home/varzonelp/PROYECTOS/GDSRC/gd-web-decompiled/android/app/.cxx/Debug/k5041461/arm64-v8a/CMakeFiles/CMakeTmp

Run Build Command(s):/home/varzonelp/Android/Sdk/cmake/3.22.1/bin/ninja cmTC_62714 && [1/2] Building C object CMakeFiles/cmTC_62714.dir/CheckSymbolExists.c.o
[2/2] Linking C executable cmTC_62714


File /home/varzonelp/PROYECTOS/GDSRC/gd-web-decompiled/android/app/.cxx/Debug/k5041461/arm64-v8a/CMakeFiles/CMakeTmp/CheckSymbolExists.c:
/* */
#include <stddef.h>
#include <stdarg.h>
#include <stdlib.h>
#include <string.h>
#include <stdio.h>
#include <wchar.h>
#include <float.h>

int main(int argc, char** argv)
{
  (void)argv;
#ifndef strlen
  return ((int*)(&strlen))[argc];
#else
  (void)argc;
  return 0;
#endif
}
Determining if the strlcpy exist passed with the following output:
Change Dir: /home/varzonelp/PROYECTOS/GDSRC/gd-web-decompiled/android/app/.cxx/Debug/k5041461/arm64-v8a/CMakeFiles/CMakeTmp

Run Build Command(s):/home/varzonelp/Android/Sdk/cmake/3.22.1/bin/ninja cmTC_3d954 && [1/2] Building C object CMakeFiles/cmTC_3d954.dir/CheckSymbolExists.c.o
[2/2] Linking C executable cmTC_3d954


File /home/varzonelp/PROYECTOS/GDSRC/gd-web-decompiled/android/app/.cxx/Debug/k5041461/arm64-v8a/CMakeFiles/CMakeTmp/CheckSymbolExists.c:
/* */
#include <stddef.h>
#include <stdarg.h>
#include <stdlib.h>
#include <string.h>
#include <stdio.h>
#include <wchar.h>
#include <float.h>

int main(int argc, char** argv)
{
  (void)argv;
#ifndef strlcpy
  return ((int*)(&strlcpy))[argc];
#else
  (void)argc;
  return 0;
#endif
}
Determining if the strlcat exist passed with the following output:
Change Dir: /home/varzonelp/PROYECTOS/GDSRC/gd-web-decompiled/android/app/.cxx/Debug/k5041461/arm64-v8a/CMakeFiles/CMakeTmp

Run Build Command(s):/home/varzonelp/Android/Sdk/cmake/3.22.1/bin/ninja cmTC_5cae3 && [1/2] Building C object CMakeFiles/cmTC_5cae3.dir/CheckSymbolExists.c.o
[2/2] Linking C executable cmTC_5cae3


File /home/varzonelp/PROYECTOS/GDSRC/gd-web-decompiled/android/app/.cxx/Debug/k5041461/arm64-v8a/CMakeFiles/CMakeTmp/CheckSymbolExists.c:
/* */
#include <stddef.h>
#include <stdarg.h>
#include <stdlib.h>
#include <string.h>
#include <stdio.h>
#include <wchar.h>
#include <float.h>

int main(int argc, char** argv)
{
  (void)argv;
#ifndef strlcat
  return ((int*)(&strlcat))[argc];
#else
  (void)argc;
  return 0;
#endif
}
Determining if the strchr exist passed with the following output:
Change Dir: /home/varzonelp/PROYECTOS/GDSRC/gd-web-decompiled/android/app/.cxx/Debug/k5041461/arm64-v8a/CMakeFiles/CMakeTmp

Run Build Command(s):/home/varzonelp/Android/Sdk/cmake/3.22.1/bin/ninja cmTC_8363f && [1/2] Building C object CMakeFiles/cmTC_8363f.dir/CheckSymbolExists.c.o
[2/2] Linking C executable cmTC_8363f


File /home/varzonelp/PROYECTOS/GDSRC/gd-web-decompiled/android/app/.cxx/Debug/k5041461/arm64-v8a/CMakeFiles/CMakeTmp/CheckSymbolExists.c:
/* */
#include <stddef.h>
#include <stdarg.h>
#include <stdlib.h>
#include <string.h>
#include <stdio.h>
#include <wchar.h>
#include <float.h>

int main(int argc, char** argv)
{
  (void)argv;
#ifndef strchr
  return ((int*)(&strchr))[argc];
#else
  (void)argc;
  return 0;
#endif
}
Determining if the strrchr exist passed with the following output:
Change Dir: /home/varzonelp/PROYECTOS/GDSRC/gd-web-decompiled/android/app/.cxx/Debug/k5041461/arm64-v8a/CMakeFiles/CMakeTmp

Run Build Command(s):/home/varzonelp/Android/Sdk/cmake/3.22.1/bin/ninja cmTC_59ce4 && [1/2] Building C object CMakeFiles/cmTC_59ce4.dir/CheckSymbolExists.c.o
[2/2] Linking C executable cmTC_59ce4


File /home/varzonelp/PROYECTOS/GDSRC/gd-web-decompiled/android/app/.cxx/Debug/k5041461/arm64-v8a/CMakeFiles/CMakeTmp/CheckSymbolExists.c:
/* */
#include <stddef.h>
#include <stdarg.h>
#include <stdlib.h>
#include <string.h>
#include <stdio.h>
#include <wchar.h>
#include <float.h>

int main(int argc, char** argv)
{
  (void)argv;
#ifndef strrchr
  return ((int*)(&strrchr))[argc];
#else
  (void)argc;
  return 0;
#endif
}
Determining if the strstr exist passed with the following output:
Change Dir: /home/varzonelp/PROYECTOS/GDSRC/gd-web-decompiled/android/app/.cxx/Debug/k5041461/arm64-v8a/CMakeFiles/CMakeTmp

Run Build Command(s):/home/varzonelp/Android/Sdk/cmake/3.22.1/bin/ninja cmTC_0015e && [1/2] Building C object CMakeFiles/cmTC_0015e.dir/CheckSymbolExists.c.o
[2/2] Linking C executable cmTC_0015e


File /home/varzonelp/PROYECTOS/GDSRC/gd-web-decompiled/android/app/.cxx/Debug/k5041461/arm64-v8a/CMakeFiles/CMakeTmp/CheckSymbolExists.c:
/* */
#include <stddef.h>
#include <stdarg.h>
#include <stdlib.h>
#include <string.h>
#include <stdio.h>
#include <wchar.h>
#include <float.h>

int main(int argc, char** argv)
{
  (void)argv;
#ifndef strstr
  return ((int*)(&strstr))[argc];
#else
  (void)argc;
  return 0;
#endif
}
Determining if the strtok_r exist passed with the following output:
Change Dir: /home/varzonelp/PROYECTOS/GDSRC/gd-web-decompiled/android/app/.cxx/Debug/k5041461/arm64-v8a/CMakeFiles/CMakeTmp

Run Build Command(s):/home/varzonelp/Android/Sdk/cmake/3.22.1/bin/ninja cmTC_3cd74 && [1/2] Building C object CMakeFiles/cmTC_3cd74.dir/CheckSymbolExists.c.o
[2/2] Linking C executable cmTC_3cd74


File /home/varzonelp/PROYECTOS/GDSRC/gd-web-decompiled/android/app/.cxx/Debug/k5041461/arm64-v8a/CMakeFiles/CMakeTmp/CheckSymbolExists.c:
/* */
#include <stddef.h>
#include <stdarg.h>
#include <stdlib.h>
#include <string.h>
#include <stdio.h>
#include <wchar.h>
#include <float.h>

int main(int argc, char** argv)
{
  (void)argv;
#ifndef strtok_r
  return ((int*)(&strtok_r))[argc];
#else
  (void)argc;
  return 0;
#endif
}
Determining if the strtol exist passed with the following output:
Change Dir: /home/varzonelp/PROYECTOS/GDSRC/gd-web-decompiled/android/app/.cxx/Debug/k5041461/arm64-v8a/CMakeFiles/CMakeTmp

Run Build Command(s):/home/varzonelp/Android/Sdk/cmake/3.22.1/bin/ninja cmTC_84d5c && [1/2] Building C object CMakeFiles/cmTC_84d5c.dir/CheckSymbolExists.c.o
[2/2] Linking C executable cmTC_84d5c


File /home/varzonelp/PROYECTOS/GDSRC/gd-web-decompiled/android/app/.cxx/Debug/k5041461/arm64-v8a/CMakeFiles/CMakeTmp/CheckSymbolExists.c:
/* */
#include <stddef.h>
#include <stdarg.h>
#include <stdlib.h>
#include <string.h>
#include <stdio.h>
#include <wchar.h>
#include <float.h>

int main(int argc, char** argv)
{
  (void)argv;
#ifndef strtol
  return ((int*)(&strtol))[argc];
#else
  (void)argc;
  return 0;
#endif
}
Determining if the strtoul exist passed with the following output:
Change Dir: /home/varzonelp/PROYECTOS/GDSRC/gd-web-decompiled/android/app/.cxx/Debug/k5041461/arm64-v8a/CMakeFiles/CMakeTmp

Run Build Command(s):/home/varzonelp/Android/Sdk/cmake/3.22.1/bin/ninja cmTC_62908 && [1/2] Building C object CMakeFiles/cmTC_62908.dir/CheckSymbolExists.c.o
[2/2] Linking C executable cmTC_62908


File /home/varzonelp/PROYECTOS/GDSRC/gd-web-decompiled/android/app/.cxx/Debug/k5041461/arm64-v8a/CMakeFiles/CMakeTmp/CheckSymbolExists.c:
/* */
#include <stddef.h>
#include <stdarg.h>
#include <stdlib.h>
#include <string.h>
#include <stdio.h>
#include <wchar.h>
#include <float.h>

int main(int argc, char** argv)
{
  (void)argv;
#ifndef strtoul
  return ((int*)(&strtoul))[argc];
#else
  (void)argc;
  return 0;
#endif
}
Determining if the strtoll exist passed with the following output:
Change Dir: /home/varzonelp/PROYECTOS/GDSRC/gd-web-decompiled/android/app/.cxx/Debug/k5041461/arm64-v8a/CMakeFiles/CMakeTmp

Run Build Command(s):/home/varzonelp/Android/Sdk/cmake/3.22.1/bin/ninja cmTC_07137 && [1/2] Building C object CMakeFiles/cmTC_07137.dir/CheckSymbolExists.c.o
[2/2] Linking C executable cmTC_07137


File /home/varzonelp/PROYECTOS/GDSRC/gd-web-decompiled/android/app/.cxx/Debug/k5041461/arm64-v8a/CMakeFiles/CMakeTmp/CheckSymbolExists.c:
/* */
#include <stddef.h>
#include <stdarg.h>
#include <stdlib.h>
#include <string.h>
#include <stdio.h>
#include <wchar.h>
#include <float.h>

int main(int argc, char** argv)
{
  (void)argv;
#ifndef strtoll
  return ((int*)(&strtoll))[argc];
#else
  (void)argc;
  return 0;
#endif
}
Determining if the strtoull exist passed with the following output:
Change Dir: /home/varzonelp/PROYECTOS/GDSRC/gd-web-decompiled/android/app/.cxx/Debug/k5041461/arm64-v8a/CMakeFiles/CMakeTmp

Run Build Command(s):/home/varzonelp/Android/Sdk/cmake/3.22.1/bin/ninja cmTC_2d255 && [1/2] Building C object CMakeFiles/cmTC_2d255.dir/CheckSymbolExists.c.o
[2/2] Linking C executable cmTC_2d255


File /home/varzonelp/PROYECTOS/GDSRC/gd-web-decompiled/android/app/.cxx/Debug/k5041461/arm64-v8a/CMakeFiles/CMakeTmp/CheckSymbolExists.c:
/* */
#include <stddef.h>
#include <stdarg.h>
#include <stdlib.h>
#include <string.h>
#include <stdio.h>
#include <wchar.h>
#include <float.h>

int main(int argc, char** argv)
{
  (void)argv;
#ifndef strtoull
  return ((int*)(&strtoull))[argc];
#else
  (void)argc;
  return 0;
#endif
}
Determining if the atoi exist passed with the following output:
Change Dir: /home/varzonelp/PROYECTOS/GDSRC/gd-web-decompiled/android/app/.cxx/Debug/k5041461/arm64-v8a/CMakeFiles/CMakeTmp

Run Build Command(s):/home/varzonelp/Android/Sdk/cmake/3.22.1/bin/ninja cmTC_c1b08 && [1/2] Building C object CMakeFiles/cmTC_c1b08.dir/CheckSymbolExists.c.o
[2/2] Linking C executable cmTC_c1b08


File /home/varzonelp/PROYECTOS/GDSRC/gd-web-decompiled/android/app/.cxx/Debug/k5041461/arm64-v8a/CMakeFiles/CMakeTmp/CheckSymbolExists.c:
/* */
#include <stddef.h>
#include <stdarg.h>
#include <stdlib.h>
#include <string.h>
#include <stdio.h>
#include <wchar.h>
#include <float.h>

int main(int argc, char** argv)
{
  (void)argv;
#ifndef atoi
  return ((int*)(&atoi))[argc];
#else
  (void)argc;
  return 0;
#endif
}
Determining if the atof exist passed with the following output:
Change Dir: /home/varzonelp/PROYECTOS/GDSRC/gd-web-decompiled/android/app/.cxx/Debug/k5041461/arm64-v8a/CMakeFiles/CMakeTmp

Run Build Command(s):/home/varzonelp/Android/Sdk/cmake/3.22.1/bin/ninja cmTC_b26ae && [1/2] Building C object CMakeFiles/cmTC_b26ae.dir/CheckSymbolExists.c.o
[2/2] Linking C executable cmTC_b26ae


File /home/varzonelp/PROYECTOS/GDSRC/gd-web-decompiled/android/app/.cxx/Debug/k5041461/arm64-v8a/CMakeFiles/CMakeTmp/CheckSymbolExists.c:
/* */
#include <stddef.h>
#include <stdarg.h>
#include <stdlib.h>
#include <string.h>
#include <stdio.h>
#include <wchar.h>
#include <float.h>

int main(int argc, char** argv)
{
  (void)argv;
#ifndef atof
  return ((int*)(&atof))[argc];
#else
  (void)argc;
  return 0;
#endif
}
Determining if the strcmp exist passed with the following output:
Change Dir: /home/varzonelp/PROYECTOS/GDSRC/gd-web-decompiled/android/app/.cxx/Debug/k5041461/arm64-v8a/CMakeFiles/CMakeTmp

Run Build Command(s):/home/varzonelp/Android/Sdk/cmake/3.22.1/bin/ninja cmTC_d7779 && [1/2] Building C object CMakeFiles/cmTC_d7779.dir/CheckSymbolExists.c.o
[2/2] Linking C executable cmTC_d7779


File /home/varzonelp/PROYECTOS/GDSRC/gd-web-decompiled/android/app/.cxx/Debug/k5041461/arm64-v8a/CMakeFiles/CMakeTmp/CheckSymbolExists.c:
/* */
#include <stddef.h>
#include <stdarg.h>
#include <stdlib.h>
#include <string.h>
#include <stdio.h>
#include <wchar.h>
#include <float.h>

int main(int argc, char** argv)
{
  (void)argv;
#ifndef strcmp
  return ((int*)(&strcmp))[argc];
#else
  (void)argc;
  return 0;
#endif
}
Determining if the strncmp exist passed with the following output:
Change Dir: /home/varzonelp/PROYECTOS/GDSRC/gd-web-decompiled/android/app/.cxx/Debug/k5041461/arm64-v8a/CMakeFiles/CMakeTmp

Run Build Command(s):/home/varzonelp/Android/Sdk/cmake/3.22.1/bin/ninja cmTC_c1650 && [1/2] Building C object CMakeFiles/cmTC_c1650.dir/CheckSymbolExists.c.o
[2/2] Linking C executable cmTC_c1650


File /home/varzonelp/PROYECTOS/GDSRC/gd-web-decompiled/android/app/.cxx/Debug/k5041461/arm64-v8a/CMakeFiles/CMakeTmp/CheckSymbolExists.c:
/* */
#include <stddef.h>
#include <stdarg.h>
#include <stdlib.h>
#include <string.h>
#include <stdio.h>
#include <wchar.h>
#include <float.h>

int main(int argc, char** argv)
{
  (void)argv;
#ifndef strncmp
  return ((int*)(&strncmp))[argc];
#else
  (void)argc;
  return 0;
#endif
}
Determining if the strcasecmp exist passed with the following output:
Change Dir: /home/varzonelp/PROYECTOS/GDSRC/gd-web-decompiled/android/app/.cxx/Debug/k5041461/arm64-v8a/CMakeFiles/CMakeTmp

Run Build Command(s):/home/varzonelp/Android/Sdk/cmake/3.22.1/bin/ninja cmTC_e02c4 && [1/2] Building C object CMakeFiles/cmTC_e02c4.dir/CheckSymbolExists.c.o
[2/2] Linking C executable cmTC_e02c4


File /home/varzonelp/PROYECTOS/GDSRC/gd-web-decompiled/android/app/.cxx/Debug/k5041461/arm64-v8a/CMakeFiles/CMakeTmp/CheckSymbolExists.c:
/* */
#include <stddef.h>
#include <stdarg.h>
#include <stdlib.h>
#include <string.h>
#include <stdio.h>
#include <wchar.h>
#include <float.h>

int main(int argc, char** argv)
{
  (void)argv;
#ifndef strcasecmp
  return ((int*)(&strcasecmp))[argc];
#else
  (void)argc;
  return 0;
#endif
}
Determining if the strncasecmp exist passed with the following output:
Change Dir: /home/varzonelp/PROYECTOS/GDSRC/gd-web-decompiled/android/app/.cxx/Debug/k5041461/arm64-v8a/CMakeFiles/CMakeTmp

Run Build Command(s):/home/varzonelp/Android/Sdk/cmake/3.22.1/bin/ninja cmTC_0581f && [1/2] Building C object CMakeFiles/cmTC_0581f.dir/CheckSymbolExists.c.o
[2/2] Linking C executable cmTC_0581f


File /home/varzonelp/PROYECTOS/GDSRC/gd-web-decompiled/android/app/.cxx/Debug/k5041461/arm64-v8a/CMakeFiles/CMakeTmp/CheckSymbolExists.c:
/* */
#include <stddef.h>
#include <stdarg.h>
#include <stdlib.h>
#include <string.h>
#include <stdio.h>
#include <wchar.h>
#include <float.h>

int main(int argc, char** argv)
{
  (void)argv;
#ifndef strncasecmp
  return ((int*)(&strncasecmp))[argc];
#else
  (void)argc;
  return 0;
#endif
}
Determining if the strcasestr exist passed with the following output:
Change Dir: /home/varzonelp/PROYECTOS/GDSRC/gd-web-decompiled/android/app/.cxx/Debug/k5041461/arm64-v8a/CMakeFiles/CMakeTmp

Run Build Command(s):/home/varzonelp/Android/Sdk/cmake/3.22.1/bin/ninja cmTC_99b66 && [1/2] Building C object CMakeFiles/cmTC_99b66.dir/CheckSymbolExists.c.o
[2/2] Linking C executable cmTC_99b66


File /home/varzonelp/PROYECTOS/GDSRC/gd-web-decompiled/android/app/.cxx/Debug/k5041461/arm64-v8a/CMakeFiles/CMakeTmp/CheckSymbolExists.c:
/* */
#include <stddef.h>
#include <stdarg.h>
#include <stdlib.h>
#include <string.h>
#include <stdio.h>
#include <wchar.h>
#include <float.h>

int main(int argc, char** argv)
{
  (void)argv;
#ifndef strcasestr
  return ((int*)(&strcasestr))[argc];
#else
  (void)argc;
  return 0;
#endif
}
Determining if the wcscmp exist passed with the following output:
Change Dir: /home/varzonelp/PROYECTOS/GDSRC/gd-web-decompiled/android/app/.cxx/Debug/k5041461/arm64-v8a/CMakeFiles/CMakeTmp

Run Build Command(s):/home/varzonelp/Android/Sdk/cmake/3.22.1/bin/ninja cmTC_0cdaa && [1/2] Building C object CMakeFiles/cmTC_0cdaa.dir/CheckSymbolExists.c.o
[2/2] Linking C executable cmTC_0cdaa


File /home/varzonelp/PROYECTOS/GDSRC/gd-web-decompiled/android/app/.cxx/Debug/k5041461/arm64-v8a/CMakeFiles/CMakeTmp/CheckSymbolExists.c:
/* */
#include <stddef.h>
#include <stdarg.h>
#include <stdlib.h>
#include <string.h>
#include <stdio.h>
#include <wchar.h>
#include <float.h>

int main(int argc, char** argv)
{
  (void)argv;
#ifndef wcscmp
  return ((int*)(&wcscmp))[argc];
#else
  (void)argc;
  return 0;
#endif
}
Determining if the wcsdup exist passed with the following output:
Change Dir: /home/varzonelp/PROYECTOS/GDSRC/gd-web-decompiled/android/app/.cxx/Debug/k5041461/arm64-v8a/CMakeFiles/CMakeTmp

Run Build Command(s):/home/varzonelp/Android/Sdk/cmake/3.22.1/bin/ninja cmTC_c1fa6 && [1/2] Building C object CMakeFiles/cmTC_c1fa6.dir/CheckSymbolExists.c.o
[2/2] Linking C executable cmTC_c1fa6


File /home/varzonelp/PROYECTOS/GDSRC/gd-web-decompiled/android/app/.cxx/Debug/k5041461/arm64-v8a/CMakeFiles/CMakeTmp/CheckSymbolExists.c:
/* */
#include <stddef.h>
#include <stdarg.h>
#include <stdlib.h>
#include <string.h>
#include <stdio.h>
#include <wchar.h>
#include <float.h>

int main(int argc, char** argv)
{
  (void)argv;
#ifndef wcsdup
  return ((int*)(&wcsdup))[argc];
#else
  (void)argc;
  return 0;
#endif
}
Determining if the wcslcat exist passed with the following output:
Change Dir: /home/varzonelp/PROYECTOS/GDSRC/gd-web-decompiled/android/app/.cxx/Debug/k5041461/arm64-v8a/CMakeFiles/CMakeTmp

Run Build Command(s):/home/varzonelp/Android/Sdk/cmake/3.22.1/bin/ninja cmTC_6a1bf && [1/2] Building C object CMakeFiles/cmTC_6a1bf.dir/CheckSymbolExists.c.o
[2/2] Linking C executable cmTC_6a1bf


File /home/varzonelp/PROYECTOS/GDSRC/gd-web-decompiled/android/app/.cxx/Debug/k5041461/arm64-v8a/CMakeFiles/CMakeTmp/CheckSymbolExists.c:
/* */
#include <stddef.h>
#include <stdarg.h>
#include <stdlib.h>
#include <string.h>
#include <stdio.h>
#include <wchar.h>
#include <float.h>

int main(int argc, char** argv)
{
  (void)argv;
#ifndef wcslcat
  return ((int*)(&wcslcat))[argc];
#else
  (void)argc;
  return 0;
#endif
}
Determining if the wcslcpy exist passed with the following output:
Change Dir: /home/varzonelp/PROYECTOS/GDSRC/gd-web-decompiled/android/app/.cxx/Debug/k5041461/arm64-v8a/CMakeFiles/CMakeTmp

Run Build Command(s):/home/varzonelp/Android/Sdk/cmake/3.22.1/bin/ninja cmTC_5b0ef && [1/2] Building C object CMakeFiles/cmTC_5b0ef.dir/CheckSymbolExists.c.o
[2/2] Linking C executable cmTC_5b0ef


File /home/varzonelp/PROYECTOS/GDSRC/gd-web-decompiled/android/app/.cxx/Debug/k5041461/arm64-v8a/CMakeFiles/CMakeTmp/CheckSymbolExists.c:
/* */
#include <stddef.h>
#include <stdarg.h>
#include <stdlib.h>
#include <string.h>
#include <stdio.h>
#include <wchar.h>
#include <float.h>

int main(int argc, char** argv)
{
  (void)argv;
#ifndef wcslcpy
  return ((int*)(&wcslcpy))[argc];
#else
  (void)argc;
  return 0;
#endif
}
Determining if the wcslen exist passed with the following output:
Change Dir: /home/varzonelp/PROYECTOS/GDSRC/gd-web-decompiled/android/app/.cxx/Debug/k5041461/arm64-v8a/CMakeFiles/CMakeTmp

Run Build Command(s):/home/varzonelp/Android/Sdk/cmake/3.22.1/bin/ninja cmTC_631db && [1/2] Building C object CMakeFiles/cmTC_631db.dir/CheckSymbolExists.c.o
[2/2] Linking C executable cmTC_631db


File /home/varzonelp/PROYECTOS/GDSRC/gd-web-decompiled/android/app/.cxx/Debug/k5041461/arm64-v8a/CMakeFiles/CMakeTmp/CheckSymbolExists.c:
/* */
#include <stddef.h>
#include <stdarg.h>
#include <stdlib.h>
#include <string.h>
#include <stdio.h>
#include <wchar.h>
#include <float.h>

int main(int argc, char** argv)
{
  (void)argv;
#ifndef wcslen
  return ((int*)(&wcslen))[argc];
#else
  (void)argc;
  return 0;
#endif
}
Determining if the wcsncmp exist passed with the following output:
Change Dir: /home/varzonelp/PROYECTOS/GDSRC/gd-web-decompiled/android/app/.cxx/Debug/k5041461/arm64-v8a/CMakeFiles/CMakeTmp

Run Build Command(s):/home/varzonelp/Android/Sdk/cmake/3.22.1/bin/ninja cmTC_5f8de && [1/2] Building C object CMakeFiles/cmTC_5f8de.dir/CheckSymbolExists.c.o
[2/2] Linking C executable cmTC_5f8de


File /home/varzonelp/PROYECTOS/GDSRC/gd-web-decompiled/android/app/.cxx/Debug/k5041461/arm64-v8a/CMakeFiles/CMakeTmp/CheckSymbolExists.c:
/* */
#include <stddef.h>
#include <stdarg.h>
#include <stdlib.h>
#include <string.h>
#include <stdio.h>
#include <wchar.h>
#include <float.h>

int main(int argc, char** argv)
{
  (void)argv;
#ifndef wcsncmp
  return ((int*)(&wcsncmp))[argc];
#else
  (void)argc;
  return 0;
#endif
}
Determining if the wcsstr exist passed with the following output:
Change Dir: /home/varzonelp/PROYECTOS/GDSRC/gd-web-decompiled/android/app/.cxx/Debug/k5041461/arm64-v8a/CMakeFiles/CMakeTmp

Run Build Command(s):/home/varzonelp/Android/Sdk/cmake/3.22.1/bin/ninja cmTC_658ad && [1/2] Building C object CMakeFiles/cmTC_658ad.dir/CheckSymbolExists.c.o
[2/2] Linking C executable cmTC_658ad


File /home/varzonelp/PROYECTOS/GDSRC/gd-web-decompiled/android/app/.cxx/Debug/k5041461/arm64-v8a/CMakeFiles/CMakeTmp/CheckSymbolExists.c:
/* */
#include <stddef.h>
#include <stdarg.h>
#include <stdlib.h>
#include <string.h>
#include <stdio.h>
#include <wchar.h>
#include <float.h>

int main(int argc, char** argv)
{
  (void)argv;
#ifndef wcsstr
  return ((int*)(&wcsstr))[argc];
#else
  (void)argc;
  return 0;
#endif
}
Determining if the wcscasecmp exist passed with the following output:
Change Dir: /home/varzonelp/PROYECTOS/GDSRC/gd-web-decompiled/android/app/.cxx/Debug/k5041461/arm64-v8a/CMakeFiles/CMakeTmp

Run Build Command(s):/home/varzonelp/Android/Sdk/cmake/3.22.1/bin/ninja cmTC_7f51c && [1/2] Building C object CMakeFiles/cmTC_7f51c.dir/CheckSymbolExists.c.o
[2/2] Linking C executable cmTC_7f51c


File /home/varzonelp/PROYECTOS/GDSRC/gd-web-decompiled/android/app/.cxx/Debug/k5041461/arm64-v8a/CMakeFiles/CMakeTmp/CheckSymbolExists.c:
/* */
#include <stddef.h>
#include <stdarg.h>
#include <stdlib.h>
#include <string.h>
#include <stdio.h>
#include <wchar.h>
#include <float.h>

int main(int argc, char** argv)
{
  (void)argv;
#ifndef wcscasecmp
  return ((int*)(&wcscasecmp))[argc];
#else
  (void)argc;
  return 0;
#endif
}
Determining if the wcsncasecmp exist passed with the following output:
Change Dir: /home/varzonelp/PROYECTOS/GDSRC/gd-web-decompiled/android/app/.cxx/Debug/k5041461/arm64-v8a/CMakeFiles/CMakeTmp

Run Build Command(s):/home/varzonelp/Android/Sdk/cmake/3.22.1/bin/ninja cmTC_181ad && [1/2] Building C object CMakeFiles/cmTC_181ad.dir/CheckSymbolExists.c.o
[2/2] Linking C executable cmTC_181ad


File /home/varzonelp/PROYECTOS/GDSRC/gd-web-decompiled/android/app/.cxx/Debug/k5041461/arm64-v8a/CMakeFiles/CMakeTmp/CheckSymbolExists.c:
/* */
#include <stddef.h>
#include <stdarg.h>
#include <stdlib.h>
#include <string.h>
#include <stdio.h>
#include <wchar.h>
#include <float.h>

int main(int argc, char** argv)
{
  (void)argv;
#ifndef wcsncasecmp
  return ((int*)(&wcsncasecmp))[argc];
#else
  (void)argc;
  return 0;
#endif
}
Determining if the sscanf exist passed with the following output:
Change Dir: /home/varzonelp/PROYECTOS/GDSRC/gd-web-decompiled/android/app/.cxx/Debug/k5041461/arm64-v8a/CMakeFiles/CMakeTmp

Run Build Command(s):/home/varzonelp/Android/Sdk/cmake/3.22.1/bin/ninja cmTC_3b135 && [1/2] Building C object CMakeFiles/cmTC_3b135.dir/CheckSymbolExists.c.o
[2/2] Linking C executable cmTC_3b135


File /home/varzonelp/PROYECTOS/GDSRC/gd-web-decompiled/android/app/.cxx/Debug/k5041461/arm64-v8a/CMakeFiles/CMakeTmp/CheckSymbolExists.c:
/* */
#include <stddef.h>
#include <stdarg.h>
#include <stdlib.h>
#include <string.h>
#include <stdio.h>
#include <wchar.h>
#include <float.h>

int main(int argc, char** argv)
{
  (void)argv;
#ifndef sscanf
  return ((int*)(&sscanf))[argc];
#else
  (void)argc;
  return 0;
#endif
}
Determining if the vsscanf exist passed with the following output:
Change Dir: /home/varzonelp/PROYECTOS/GDSRC/gd-web-decompiled/android/app/.cxx/Debug/k5041461/arm64-v8a/CMakeFiles/CMakeTmp

Run Build Command(s):/home/varzonelp/Android/Sdk/cmake/3.22.1/bin/ninja cmTC_87830 && [1/2] Building C object CMakeFiles/cmTC_87830.dir/CheckSymbolExists.c.o
[2/2] Linking C executable cmTC_87830


File /home/varzonelp/PROYECTOS/GDSRC/gd-web-decompiled/android/app/.cxx/Debug/k5041461/arm64-v8a/CMakeFiles/CMakeTmp/CheckSymbolExists.c:
/* */
#include <stddef.h>
#include <stdarg.h>
#include <stdlib.h>
#include <string.h>
#include <stdio.h>
#include <wchar.h>
#include <float.h>

int main(int argc, char** argv)
{
  (void)argv;
#ifndef vsscanf
  return ((int*)(&vsscanf))[argc];
#else
  (void)argc;
  return 0;
#endif
}
Determining if the vsnprintf exist passed with the following output:
Change Dir: /home/varzonelp/PROYECTOS/GDSRC/gd-web-decompiled/android/app/.cxx/Debug/k5041461/arm64-v8a/CMakeFiles/CMakeTmp

Run Build Command(s):/home/varzonelp/Android/Sdk/cmake/3.22.1/bin/ninja cmTC_88aeb && [1/2] Building C object CMakeFiles/cmTC_88aeb.dir/CheckSymbolExists.c.o
[2/2] Linking C executable cmTC_88aeb


File /home/varzonelp/PROYECTOS/GDSRC/gd-web-decompiled/android/app/.cxx/Debug/k5041461/arm64-v8a/CMakeFiles/CMakeTmp/CheckSymbolExists.c:
/* */
#include <stddef.h>
#include <stdarg.h>
#include <stdlib.h>
#include <string.h>
#include <stdio.h>
#include <wchar.h>
#include <float.h>

int main(int argc, char** argv)
{
  (void)argv;
#ifndef vsnprintf
  return ((int*)(&vsnprintf))[argc];
#else
  (void)argc;
  return 0;
#endif
}
Determining if the fseeko exist passed with the following output:
Change Dir: /home/varzonelp/PROYECTOS/GDSRC/gd-web-decompiled/android/app/.cxx/Debug/k5041461/arm64-v8a/CMakeFiles/CMakeTmp

Run Build Command(s):/home/varzonelp/Android/Sdk/cmake/3.22.1/bin/ninja cmTC_604f3 && [1/2] Building C object CMakeFiles/cmTC_604f3.dir/CheckSymbolExists.c.o
[2/2] Linking C executable cmTC_604f3


File /home/varzonelp/PROYECTOS/GDSRC/gd-web-decompiled/android/app/.cxx/Debug/k5041461/arm64-v8a/CMakeFiles/CMakeTmp/CheckSymbolExists.c:
/* */
#include <stddef.h>
#include <stdarg.h>
#include <stdlib.h>
#include <string.h>
#include <stdio.h>
#include <wchar.h>
#include <float.h>

int main(int argc, char** argv)
{
  (void)argv;
#ifndef fseeko
  return ((int*)(&fseeko))[argc];
#else
  (void)argc;
  return 0;
#endif
}
Determining if the _Exit exist passed with the following output:
Change Dir: /home/varzonelp/PROYECTOS/GDSRC/gd-web-decompiled/android/app/.cxx/Debug/k5041461/arm64-v8a/CMakeFiles/CMakeTmp

Run Build Command(s):/home/varzonelp/Android/Sdk/cmake/3.22.1/bin/ninja cmTC_91911 && [1/2] Building C object CMakeFiles/cmTC_91911.dir/CheckSymbolExists.c.o
[2/2] Linking C executable cmTC_91911


File /home/varzonelp/PROYECTOS/GDSRC/gd-web-decompiled/android/app/.cxx/Debug/k5041461/arm64-v8a/CMakeFiles/CMakeTmp/CheckSymbolExists.c:
/* */
#include <stddef.h>
#include <stdarg.h>
#include <stdlib.h>
#include <string.h>
#include <stdio.h>
#include <wchar.h>
#include <float.h>

int main(int argc, char** argv)
{
  (void)argv;
#ifndef _Exit
  return ((int*)(&_Exit))[argc];
#else
  (void)argc;
  return 0;
#endif
}
Determining if the sigaction exist passed with the following output:
Change Dir: /home/varzonelp/PROYECTOS/GDSRC/gd-web-decompiled/android/app/.cxx/Debug/k5041461/arm64-v8a/CMakeFiles/CMakeTmp

Run Build Command(s):/home/varzonelp/Android/Sdk/cmake/3.22.1/bin/ninja cmTC_17296 && [1/2] Building C object CMakeFiles/cmTC_17296.dir/CheckSymbolExists.c.o
[2/2] Linking C executable cmTC_17296


File /home/varzonelp/PROYECTOS/GDSRC/gd-web-decompiled/android/app/.cxx/Debug/k5041461/arm64-v8a/CMakeFiles/CMakeTmp/CheckSymbolExists.c:
/* */
#include <signal.h>

int main(int argc, char** argv)
{
  (void)argv;
#ifndef sigaction
  return ((int*)(&sigaction))[argc];
#else
  (void)argc;
  return 0;
#endif
}
Determining if the setjmp exist passed with the following output:
Change Dir: /home/varzonelp/PROYECTOS/GDSRC/gd-web-decompiled/android/app/.cxx/Debug/k5041461/arm64-v8a/CMakeFiles/CMakeTmp

Run Build Command(s):/home/varzonelp/Android/Sdk/cmake/3.22.1/bin/ninja cmTC_021fd && [1/2] Building C object CMakeFiles/cmTC_021fd.dir/CheckSymbolExists.c.o
[2/2] Linking C executable cmTC_021fd


File /home/varzonelp/PROYECTOS/GDSRC/gd-web-decompiled/android/app/.cxx/Debug/k5041461/arm64-v8a/CMakeFiles/CMakeTmp/CheckSymbolExists.c:
/* */
#include <setjmp.h>

int main(int argc, char** argv)
{
  (void)argv;
#ifndef setjmp
  return ((int*)(&setjmp))[argc];
#else
  (void)argc;
  return 0;
#endif
}
Determining if the nanosleep exist passed with the following output:
Change Dir: /home/varzonelp/PROYECTOS/GDSRC/gd-web-decompiled/android/app/.cxx/Debug/k5041461/arm64-v8a/CMakeFiles/CMakeTmp

Run Build Command(s):/home/varzonelp/Android/Sdk/cmake/3.22.1/bin/ninja cmTC_a4ff1 && [1/2] Building C object CMakeFiles/cmTC_a4ff1.dir/CheckSymbolExists.c.o
[2/2] Linking C executable cmTC_a4ff1


File /home/varzonelp/PROYECTOS/GDSRC/gd-web-decompiled/android/app/.cxx/Debug/k5041461/arm64-v8a/CMakeFiles/CMakeTmp/CheckSymbolExists.c:
/* */
#include <time.h>

int main(int argc, char** argv)
{
  (void)argv;
#ifndef nanosleep
  return ((int*)(&nanosleep))[argc];
#else
  (void)argc;
  return 0;
#endif
}
Determining if the sysconf exist passed with the following output:
Change Dir: /home/varzonelp/PROYECTOS/GDSRC/gd-web-decompiled/android/app/.cxx/Debug/k5041461/arm64-v8a/CMakeFiles/CMakeTmp

Run Build Command(s):/home/varzonelp/Android/Sdk/cmake/3.22.1/bin/ninja cmTC_3eda6 && [1/2] Building C object CMakeFiles/cmTC_3eda6.dir/CheckSymbolExists.c.o
[2/2] Linking C executable cmTC_3eda6


File /home/varzonelp/PROYECTOS/GDSRC/gd-web-decompiled/android/app/.cxx/Debug/k5041461/arm64-v8a/CMakeFiles/CMakeTmp/CheckSymbolExists.c:
/* */
#include <unistd.h>

int main(int argc, char** argv)
{
  (void)argv;
#ifndef sysconf
  return ((int*)(&sysconf))[argc];
#else
  (void)argc;
  return 0;
#endif
}
Determining if the getauxval exist passed with the following output:
Change Dir: /home/varzonelp/PROYECTOS/GDSRC/gd-web-decompiled/android/app/.cxx/Debug/k5041461/arm64-v8a/CMakeFiles/CMakeTmp

Run Build Command(s):/home/varzonelp/Android/Sdk/cmake/3.22.1/bin/ninja cmTC_abfa0 && [1/2] Building C object CMakeFiles/cmTC_abfa0.dir/CheckSymbolExists.c.o
[2/2] Linking C executable cmTC_abfa0


File /home/varzonelp/PROYECTOS/GDSRC/gd-web-decompiled/android/app/.cxx/Debug/k5041461/arm64-v8a/CMakeFiles/CMakeTmp/CheckSymbolExists.c:
/* */
#include <sys/auxv.h>

int main(int argc, char** argv)
{
  (void)argv;
#ifndef getauxval
  return ((int*)(&getauxval))[argc];
#else
  (void)argc;
  return 0;
#endif
}
Determining if the poll exist passed with the following output:
Change Dir: /home/varzonelp/PROYECTOS/GDSRC/gd-web-decompiled/android/app/.cxx/Debug/k5041461/arm64-v8a/CMakeFiles/CMakeTmp

Run Build Command(s):/home/varzonelp/Android/Sdk/cmake/3.22.1/bin/ninja cmTC_91cb4 && [1/2] Building C object CMakeFiles/cmTC_91cb4.dir/CheckSymbolExists.c.o
[2/2] Linking C executable cmTC_91cb4


File /home/varzonelp/PROYECTOS/GDSRC/gd-web-decompiled/android/app/.cxx/Debug/k5041461/arm64-v8a/CMakeFiles/CMakeTmp/CheckSymbolExists.c:
/* */
#include <poll.h>

int main(int argc, char** argv)
{
  (void)argv;
#ifndef poll
  return ((int*)(&poll))[argc];
#else
  (void)argc;
  return 0;
#endif
}
Determining if the posix_fallocate exist passed with the following output:
Change Dir: /home/varzonelp/PROYECTOS/GDSRC/gd-web-decompiled/android/app/.cxx/Debug/k5041461/arm64-v8a/CMakeFiles/CMakeTmp

Run Build Command(s):/home/varzonelp/Android/Sdk/cmake/3.22.1/bin/ninja cmTC_9a2cc && [1/2] Building C object CMakeFiles/cmTC_9a2cc.dir/CheckSymbolExists.c.o
[2/2] Linking C executable cmTC_9a2cc


File /home/varzonelp/PROYECTOS/GDSRC/gd-web-decompiled/android/app/.cxx/Debug/k5041461/arm64-v8a/CMakeFiles/CMakeTmp/CheckSymbolExists.c:
/* */
#include <fcntl.h>

int main(int argc, char** argv)
{
  (void)argv;
#ifndef posix_fallocate
  return ((int*)(&posix_fallocate))[argc];
#else
  (void)argc;
  return 0;
#endif
}
Determining if the function pow exists in the m passed with the following output:
Change Dir: /home/varzonelp/PROYECTOS/GDSRC/gd-web-decompiled/android/app/.cxx/Debug/k5041461/arm64-v8a/CMakeFiles/CMakeTmp

Run Build Command(s):/home/varzonelp/Android/Sdk/cmake/3.22.1/bin/ninja cmTC_9e6c5 && [1/2] Building C object CMakeFiles/cmTC_9e6c5.dir/CheckFunctionExists.c.o
/home/varzonelp/Android/Sdk/cmake/3.22.1/share/cmake-3.22/Modules/CheckFunctionExists.c:7:3: warning: incompatible redeclaration of library function 'pow' [-Wincompatible-library-redeclaration]
  CHECK_FUNCTION_EXISTS(void);
  ^
<command line>:3:31: note: expanded from macro 'CHECK_FUNCTION_EXISTS'
#define CHECK_FUNCTION_EXISTS pow
                              ^
/home/varzonelp/Android/Sdk/cmake/3.22.1/share/cmake-3.22/Modules/CheckFunctionExists.c:7:3: note: 'pow' is a builtin with type 'double (double, double)'
<command line>:3:31: note: expanded from macro 'CHECK_FUNCTION_EXISTS'
#define CHECK_FUNCTION_EXISTS pow
                              ^
1 warning generated.
[2/2] Linking C executable cmTC_9e6c5



Determining if the atan exist passed with the following output:
Change Dir: /home/varzonelp/PROYECTOS/GDSRC/gd-web-decompiled/android/app/.cxx/Debug/k5041461/arm64-v8a/CMakeFiles/CMakeTmp

Run Build Command(s):/home/varzonelp/Android/Sdk/cmake/3.22.1/bin/ninja cmTC_238f8 && [1/2] Building C object CMakeFiles/cmTC_238f8.dir/CheckSymbolExists.c.o
[2/2] Linking C executable cmTC_238f8


File /home/varzonelp/PROYECTOS/GDSRC/gd-web-decompiled/android/app/.cxx/Debug/k5041461/arm64-v8a/CMakeFiles/CMakeTmp/CheckSymbolExists.c:
/* */
#include <math.h>

int main(int argc, char** argv)
{
  (void)argv;
#ifndef atan
  return ((int*)(&atan))[argc];
#else
  (void)argc;
  return 0;
#endif
}
Determining if the atan2 exist passed with the following output:
Change Dir: /home/varzonelp/PROYECTOS/GDSRC/gd-web-decompiled/android/app/.cxx/Debug/k5041461/arm64-v8a/CMakeFiles/CMakeTmp

Run Build Command(s):/home/varzonelp/Android/Sdk/cmake/3.22.1/bin/ninja cmTC_dc573 && [1/2] Building C object CMakeFiles/cmTC_dc573.dir/CheckSymbolExists.c.o
[2/2] Linking C executable cmTC_dc573


File /home/varzonelp/PROYECTOS/GDSRC/gd-web-decompiled/android/app/.cxx/Debug/k5041461/arm64-v8a/CMakeFiles/CMakeTmp/CheckSymbolExists.c:
/* */
#include <math.h>

int main(int argc, char** argv)
{
  (void)argv;
#ifndef atan2
  return ((int*)(&atan2))[argc];
#else
  (void)argc;
  return 0;
#endif
}
Determining if the atanf exist passed with the following output:
Change Dir: /home/varzonelp/PROYECTOS/GDSRC/gd-web-decompiled/android/app/.cxx/Debug/k5041461/arm64-v8a/CMakeFiles/CMakeTmp

Run Build Command(s):/home/varzonelp/Android/Sdk/cmake/3.22.1/bin/ninja cmTC_b7879 && [1/2] Building C object CMakeFiles/cmTC_b7879.dir/CheckSymbolExists.c.o
[2/2] Linking C executable cmTC_b7879


File /home/varzonelp/PROYECTOS/GDSRC/gd-web-decompiled/android/app/.cxx/Debug/k5041461/arm64-v8a/CMakeFiles/CMakeTmp/CheckSymbolExists.c:
/* */
#include <math.h>

int main(int argc, char** argv)
{
  (void)argv;
#ifndef atanf
  return ((int*)(&atanf))[argc];
#else
  (void)argc;
  return 0;
#endif
}
Determining if the atan2f exist passed with the following output:
Change Dir: /home/varzonelp/PROYECTOS/GDSRC/gd-web-decompiled/android/app/.cxx/Debug/k5041461/arm64-v8a/CMakeFiles/CMakeTmp

Run Build Command(s):/home/varzonelp/Android/Sdk/cmake/3.22.1/bin/ninja cmTC_b557d && [1/2] Building C object CMakeFiles/cmTC_b557d.dir/CheckSymbolExists.c.o
[2/2] Linking C executable cmTC_b557d


File /home/varzonelp/PROYECTOS/GDSRC/gd-web-decompiled/android/app/.cxx/Debug/k5041461/arm64-v8a/CMakeFiles/CMakeTmp/CheckSymbolExists.c:
/* */
#include <math.h>

int main(int argc, char** argv)
{
  (void)argv;
#ifndef atan2f
  return ((int*)(&atan2f))[argc];
#else
  (void)argc;
  return 0;
#endif
}
Determining if the ceil exist passed with the following output:
Change Dir: /home/varzonelp/PROYECTOS/GDSRC/gd-web-decompiled/android/app/.cxx/Debug/k5041461/arm64-v8a/CMakeFiles/CMakeTmp

Run Build Command(s):/home/varzonelp/Android/Sdk/cmake/3.22.1/bin/ninja cmTC_a1d00 && [1/2] Building C object CMakeFiles/cmTC_a1d00.dir/CheckSymbolExists.c.o
[2/2] Linking C executable cmTC_a1d00


File /home/varzonelp/PROYECTOS/GDSRC/gd-web-decompiled/android/app/.cxx/Debug/k5041461/arm64-v8a/CMakeFiles/CMakeTmp/CheckSymbolExists.c:
/* */
#include <math.h>

int main(int argc, char** argv)
{
  (void)argv;
#ifndef ceil
  return ((int*)(&ceil))[argc];
#else
  (void)argc;
  return 0;
#endif
}
Determining if the ceilf exist passed with the following output:
Change Dir: /home/varzonelp/PROYECTOS/GDSRC/gd-web-decompiled/android/app/.cxx/Debug/k5041461/arm64-v8a/CMakeFiles/CMakeTmp

Run Build Command(s):/home/varzonelp/Android/Sdk/cmake/3.22.1/bin/ninja cmTC_291c4 && [1/2] Building C object CMakeFiles/cmTC_291c4.dir/CheckSymbolExists.c.o
[2/2] Linking C executable cmTC_291c4


File /home/varzonelp/PROYECTOS/GDSRC/gd-web-decompiled/android/app/.cxx/Debug/k5041461/arm64-v8a/CMakeFiles/CMakeTmp/CheckSymbolExists.c:
/* */
#include <math.h>

int main(int argc, char** argv)
{
  (void)argv;
#ifndef ceilf
  return ((int*)(&ceilf))[argc];
#else
  (void)argc;
  return 0;
#endif
}
Determining if the copysign exist passed with the following output:
Change Dir: /home/varzonelp/PROYECTOS/GDSRC/gd-web-decompiled/android/app/.cxx/Debug/k5041461/arm64-v8a/CMakeFiles/CMakeTmp

Run Build Command(s):/home/varzonelp/Android/Sdk/cmake/3.22.1/bin/ninja cmTC_9b431 && [1/2] Building C object CMakeFiles/cmTC_9b431.dir/CheckSymbolExists.c.o
[2/2] Linking C executable cmTC_9b431


File /home/varzonelp/PROYECTOS/GDSRC/gd-web-decompiled/android/app/.cxx/Debug/k5041461/arm64-v8a/CMakeFiles/CMakeTmp/CheckSymbolExists.c:
/* */
#include <math.h>

int main(int argc, char** argv)
{
  (void)argv;
#ifndef copysign
  return ((int*)(&copysign))[argc];
#else
  (void)argc;
  return 0;
#endif
}
Determining if the copysignf exist passed with the following output:
Change Dir: /home/varzonelp/PROYECTOS/GDSRC/gd-web-decompiled/android/app/.cxx/Debug/k5041461/arm64-v8a/CMakeFiles/CMakeTmp

Run Build Command(s):/home/varzonelp/Android/Sdk/cmake/3.22.1/bin/ninja cmTC_c3f89 && [1/2] Building C object CMakeFiles/cmTC_c3f89.dir/CheckSymbolExists.c.o
[2/2] Linking C executable cmTC_c3f89


File /home/varzonelp/PROYECTOS/GDSRC/gd-web-decompiled/android/app/.cxx/Debug/k5041461/arm64-v8a/CMakeFiles/CMakeTmp/CheckSymbolExists.c:
/* */
#include <math.h>

int main(int argc, char** argv)
{
  (void)argv;
#ifndef copysignf
  return ((int*)(&copysignf))[argc];
#else
  (void)argc;
  return 0;
#endif
}
Determining if the cos exist passed with the following output:
Change Dir: /home/varzonelp/PROYECTOS/GDSRC/gd-web-decompiled/android/app/.cxx/Debug/k5041461/arm64-v8a/CMakeFiles/CMakeTmp

Run Build Command(s):/home/varzonelp/Android/Sdk/cmake/3.22.1/bin/ninja cmTC_f0469 && [1/2] Building C object CMakeFiles/cmTC_f0469.dir/CheckSymbolExists.c.o
[2/2] Linking C executable cmTC_f0469


File /home/varzonelp/PROYECTOS/GDSRC/gd-web-decompiled/android/app/.cxx/Debug/k5041461/arm64-v8a/CMakeFiles/CMakeTmp/CheckSymbolExists.c:
/* */
#include <math.h>

int main(int argc, char** argv)
{
  (void)argv;
#ifndef cos
  return ((int*)(&cos))[argc];
#else
  (void)argc;
  return 0;
#endif
}
Determining if the cosf exist passed with the following output:
Change Dir: /home/varzonelp/PROYECTOS/GDSRC/gd-web-decompiled/android/app/.cxx/Debug/k5041461/arm64-v8a/CMakeFiles/CMakeTmp

Run Build Command(s):/home/varzonelp/Android/Sdk/cmake/3.22.1/bin/ninja cmTC_a8582 && [1/2] Building C object CMakeFiles/cmTC_a8582.dir/CheckSymbolExists.c.o
[2/2] Linking C executable cmTC_a8582


File /home/varzonelp/PROYECTOS/GDSRC/gd-web-decompiled/android/app/.cxx/Debug/k5041461/arm64-v8a/CMakeFiles/CMakeTmp/CheckSymbolExists.c:
/* */
#include <math.h>

int main(int argc, char** argv)
{
  (void)argv;
#ifndef cosf
  return ((int*)(&cosf))[argc];
#else
  (void)argc;
  return 0;
#endif
}
Determining if the exp exist passed with the following output:
Change Dir: /home/varzonelp/PROYECTOS/GDSRC/gd-web-decompiled/android/app/.cxx/Debug/k5041461/arm64-v8a/CMakeFiles/CMakeTmp

Run Build Command(s):/home/varzonelp/Android/Sdk/cmake/3.22.1/bin/ninja cmTC_a9323 && [1/2] Building C object CMakeFiles/cmTC_a9323.dir/CheckSymbolExists.c.o
[2/2] Linking C executable cmTC_a9323


File /home/varzonelp/PROYECTOS/GDSRC/gd-web-decompiled/android/app/.cxx/Debug/k5041461/arm64-v8a/CMakeFiles/CMakeTmp/CheckSymbolExists.c:
/* */
#include <math.h>

int main(int argc, char** argv)
{
  (void)argv;
#ifndef exp
  return ((int*)(&exp))[argc];
#else
  (void)argc;
  return 0;
#endif
}
Determining if the expf exist passed with the following output:
Change Dir: /home/varzonelp/PROYECTOS/GDSRC/gd-web-decompiled/android/app/.cxx/Debug/k5041461/arm64-v8a/CMakeFiles/CMakeTmp

Run Build Command(s):/home/varzonelp/Android/Sdk/cmake/3.22.1/bin/ninja cmTC_328ec && [1/2] Building C object CMakeFiles/cmTC_328ec.dir/CheckSymbolExists.c.o
[2/2] Linking C executable cmTC_328ec


File /home/varzonelp/PROYECTOS/GDSRC/gd-web-decompiled/android/app/.cxx/Debug/k5041461/arm64-v8a/CMakeFiles/CMakeTmp/CheckSymbolExists.c:
/* */
#include <math.h>

int main(int argc, char** argv)
{
  (void)argv;
#ifndef expf
  return ((int*)(&expf))[argc];
#else
  (void)argc;
  return 0;
#endif
}
Determining if the fabs exist passed with the following output:
Change Dir: /home/varzonelp/PROYECTOS/GDSRC/gd-web-decompiled/android/app/.cxx/Debug/k5041461/arm64-v8a/CMakeFiles/CMakeTmp

Run Build Command(s):/home/varzonelp/Android/Sdk/cmake/3.22.1/bin/ninja cmTC_9e947 && [1/2] Building C object CMakeFiles/cmTC_9e947.dir/CheckSymbolExists.c.o
[2/2] Linking C executable cmTC_9e947


File /home/varzonelp/PROYECTOS/GDSRC/gd-web-decompiled/android/app/.cxx/Debug/k5041461/arm64-v8a/CMakeFiles/CMakeTmp/CheckSymbolExists.c:
/* */
#include <math.h>

int main(int argc, char** argv)
{
  (void)argv;
#ifndef fabs
  return ((int*)(&fabs))[argc];
#else
  (void)argc;
  return 0;
#endif
}
Determining if the fabsf exist passed with the following output:
Change Dir: /home/varzonelp/PROYECTOS/GDSRC/gd-web-decompiled/android/app/.cxx/Debug/k5041461/arm64-v8a/CMakeFiles/CMakeTmp

Run Build Command(s):/home/varzonelp/Android/Sdk/cmake/3.22.1/bin/ninja cmTC_9c024 && [1/2] Building C object CMakeFiles/cmTC_9c024.dir/CheckSymbolExists.c.o
[2/2] Linking C executable cmTC_9c024


File /home/varzonelp/PROYECTOS/GDSRC/gd-web-decompiled/android/app/.cxx/Debug/k5041461/arm64-v8a/CMakeFiles/CMakeTmp/CheckSymbolExists.c:
/* */
#include <math.h>

int main(int argc, char** argv)
{
  (void)argv;
#ifndef fabsf
  return ((int*)(&fabsf))[argc];
#else
  (void)argc;
  return 0;
#endif
}
Determining if the floor exist passed with the following output:
Change Dir: /home/varzonelp/PROYECTOS/GDSRC/gd-web-decompiled/android/app/.cxx/Debug/k5041461/arm64-v8a/CMakeFiles/CMakeTmp

Run Build Command(s):/home/varzonelp/Android/Sdk/cmake/3.22.1/bin/ninja cmTC_c3214 && [1/2] Building C object CMakeFiles/cmTC_c3214.dir/CheckSymbolExists.c.o
[2/2] Linking C executable cmTC_c3214


File /home/varzonelp/PROYECTOS/GDSRC/gd-web-decompiled/android/app/.cxx/Debug/k5041461/arm64-v8a/CMakeFiles/CMakeTmp/CheckSymbolExists.c:
/* */
#include <math.h>

int main(int argc, char** argv)
{
  (void)argv;
#ifndef floor
  return ((int*)(&floor))[argc];
#else
  (void)argc;
  return 0;
#endif
}
Determining if the floorf exist passed with the following output:
Change Dir: /home/varzonelp/PROYECTOS/GDSRC/gd-web-decompiled/android/app/.cxx/Debug/k5041461/arm64-v8a/CMakeFiles/CMakeTmp

Run Build Command(s):/home/varzonelp/Android/Sdk/cmake/3.22.1/bin/ninja cmTC_d647f && [1/2] Building C object CMakeFiles/cmTC_d647f.dir/CheckSymbolExists.c.o
[2/2] Linking C executable cmTC_d647f


File /home/varzonelp/PROYECTOS/GDSRC/gd-web-decompiled/android/app/.cxx/Debug/k5041461/arm64-v8a/CMakeFiles/CMakeTmp/CheckSymbolExists.c:
/* */
#include <math.h>

int main(int argc, char** argv)
{
  (void)argv;
#ifndef floorf
  return ((int*)(&floorf))[argc];
#else
  (void)argc;
  return 0;
#endif
}
Determining if the fmod exist passed with the following output:
Change Dir: /home/varzonelp/PROYECTOS/GDSRC/gd-web-decompiled/android/app/.cxx/Debug/k5041461/arm64-v8a/CMakeFiles/CMakeTmp

Run Build Command(s):/home/varzonelp/Android/Sdk/cmake/3.22.1/bin/ninja cmTC_fc8a8 && [1/2] Building C object CMakeFiles/cmTC_fc8a8.dir/CheckSymbolExists.c.o
[2/2] Linking C executable cmTC_fc8a8


File /home/varzonelp/PROYECTOS/GDSRC/gd-web-decompiled/android/app/.cxx/Debug/k5041461/arm64-v8a/CMakeFiles/CMakeTmp/CheckSymbolExists.c:
/* */
#include <math.h>

int main(int argc, char** argv)
{
  (void)argv;
#ifndef fmod
  return ((int*)(&fmod))[argc];
#else
  (void)argc;
  return 0;
#endif
}
Determining if the fmodf exist passed with the following output:
Change Dir: /home/varzonelp/PROYECTOS/GDSRC/gd-web-decompiled/android/app/.cxx/Debug/k5041461/arm64-v8a/CMakeFiles/CMakeTmp

Run Build Command(s):/home/varzonelp/Android/Sdk/cmake/3.22.1/bin/ninja cmTC_58f3b && [1/2] Building C object CMakeFiles/cmTC_58f3b.dir/CheckSymbolExists.c.o
[2/2] Linking C executable cmTC_58f3b


File /home/varzonelp/PROYECTOS/GDSRC/gd-web-decompiled/android/app/.cxx/Debug/k5041461/arm64-v8a/CMakeFiles/CMakeTmp/CheckSymbolExists.c:
/* */
#include <math.h>

int main(int argc, char** argv)
{
  (void)argv;
#ifndef fmodf
  return ((int*)(&fmodf))[argc];
#else
  (void)argc;
  return 0;
#endif
}
Determining if the log exist passed with the following output:
Change Dir: /home/varzonelp/PROYECTOS/GDSRC/gd-web-decompiled/android/app/.cxx/Debug/k5041461/arm64-v8a/CMakeFiles/CMakeTmp

Run Build Command(s):/home/varzonelp/Android/Sdk/cmake/3.22.1/bin/ninja cmTC_99ec9 && [1/2] Building C object CMakeFiles/cmTC_99ec9.dir/CheckSymbolExists.c.o
[2/2] Linking C executable cmTC_99ec9


File /home/varzonelp/PROYECTOS/GDSRC/gd-web-decompiled/android/app/.cxx/Debug/k5041461/arm64-v8a/CMakeFiles/CMakeTmp/CheckSymbolExists.c:
/* */
#include <math.h>

int main(int argc, char** argv)
{
  (void)argv;
#ifndef log
  return ((int*)(&log))[argc];
#else
  (void)argc;
  return 0;
#endif
}
Determining if the logf exist passed with the following output:
Change Dir: /home/varzonelp/PROYECTOS/GDSRC/gd-web-decompiled/android/app/.cxx/Debug/k5041461/arm64-v8a/CMakeFiles/CMakeTmp

Run Build Command(s):/home/varzonelp/Android/Sdk/cmake/3.22.1/bin/ninja cmTC_0365a && [1/2] Building C object CMakeFiles/cmTC_0365a.dir/CheckSymbolExists.c.o
[2/2] Linking C executable cmTC_0365a


File /home/varzonelp/PROYECTOS/GDSRC/gd-web-decompiled/android/app/.cxx/Debug/k5041461/arm64-v8a/CMakeFiles/CMakeTmp/CheckSymbolExists.c:
/* */
#include <math.h>

int main(int argc, char** argv)
{
  (void)argv;
#ifndef logf
  return ((int*)(&logf))[argc];
#else
  (void)argc;
  return 0;
#endif
}
Determining if the log10 exist passed with the following output:
Change Dir: /home/varzonelp/PROYECTOS/GDSRC/gd-web-decompiled/android/app/.cxx/Debug/k5041461/arm64-v8a/CMakeFiles/CMakeTmp

Run Build Command(s):/home/varzonelp/Android/Sdk/cmake/3.22.1/bin/ninja cmTC_c6ec4 && [1/2] Building C object CMakeFiles/cmTC_c6ec4.dir/CheckSymbolExists.c.o
[2/2] Linking C executable cmTC_c6ec4


File /home/varzonelp/PROYECTOS/GDSRC/gd-web-decompiled/android/app/.cxx/Debug/k5041461/arm64-v8a/CMakeFiles/CMakeTmp/CheckSymbolExists.c:
/* */
#include <math.h>

int main(int argc, char** argv)
{
  (void)argv;
#ifndef log10
  return ((int*)(&log10))[argc];
#else
  (void)argc;
  return 0;
#endif
}
Determining if the log10f exist passed with the following output:
Change Dir: /home/varzonelp/PROYECTOS/GDSRC/gd-web-decompiled/android/app/.cxx/Debug/k5041461/arm64-v8a/CMakeFiles/CMakeTmp

Run Build Command(s):/home/varzonelp/Android/Sdk/cmake/3.22.1/bin/ninja cmTC_6a02b && [1/2] Building C object CMakeFiles/cmTC_6a02b.dir/CheckSymbolExists.c.o
[2/2] Linking C executable cmTC_6a02b


File /home/varzonelp/PROYECTOS/GDSRC/gd-web-decompiled/android/app/.cxx/Debug/k5041461/arm64-v8a/CMakeFiles/CMakeTmp/CheckSymbolExists.c:
/* */
#include <math.h>

int main(int argc, char** argv)
{
  (void)argv;
#ifndef log10f
  return ((int*)(&log10f))[argc];
#else
  (void)argc;
  return 0;
#endif
}
Determining if the lround exist passed with the following output:
Change Dir: /home/varzonelp/PROYECTOS/GDSRC/gd-web-decompiled/android/app/.cxx/Debug/k5041461/arm64-v8a/CMakeFiles/CMakeTmp

Run Build Command(s):/home/varzonelp/Android/Sdk/cmake/3.22.1/bin/ninja cmTC_b0603 && [1/2] Building C object CMakeFiles/cmTC_b0603.dir/CheckSymbolExists.c.o
[2/2] Linking C executable cmTC_b0603


File /home/varzonelp/PROYECTOS/GDSRC/gd-web-decompiled/android/app/.cxx/Debug/k5041461/arm64-v8a/CMakeFiles/CMakeTmp/CheckSymbolExists.c:
/* */
#include <math.h>

int main(int argc, char** argv)
{
  (void)argv;
#ifndef lround
  return ((int*)(&lround))[argc];
#else
  (void)argc;
  return 0;
#endif
}
Determining if the lroundf exist passed with the following output:
Change Dir: /home/varzonelp/PROYECTOS/GDSRC/gd-web-decompiled/android/app/.cxx/Debug/k5041461/arm64-v8a/CMakeFiles/CMakeTmp

Run Build Command(s):/home/varzonelp/Android/Sdk/cmake/3.22.1/bin/ninja cmTC_fdb10 && [1/2] Building C object CMakeFiles/cmTC_fdb10.dir/CheckSymbolExists.c.o
[2/2] Linking C executable cmTC_fdb10


File /home/varzonelp/PROYECTOS/GDSRC/gd-web-decompiled/android/app/.cxx/Debug/k5041461/arm64-v8a/CMakeFiles/CMakeTmp/CheckSymbolExists.c:
/* */
#include <math.h>

int main(int argc, char** argv)
{
  (void)argv;
#ifndef lroundf
  return ((int*)(&lroundf))[argc];
#else
  (void)argc;
  return 0;
#endif
}
Determining if the pow exist passed with the following output:
Change Dir: /home/varzonelp/PROYECTOS/GDSRC/gd-web-decompiled/android/app/.cxx/Debug/k5041461/arm64-v8a/CMakeFiles/CMakeTmp

Run Build Command(s):/home/varzonelp/Android/Sdk/cmake/3.22.1/bin/ninja cmTC_1962a && [1/2] Building C object CMakeFiles/cmTC_1962a.dir/CheckSymbolExists.c.o
[2/2] Linking C executable cmTC_1962a


File /home/varzonelp/PROYECTOS/GDSRC/gd-web-decompiled/android/app/.cxx/Debug/k5041461/arm64-v8a/CMakeFiles/CMakeTmp/CheckSymbolExists.c:
/* */
#include <math.h>

int main(int argc, char** argv)
{
  (void)argv;
#ifndef pow
  return ((int*)(&pow))[argc];
#else
  (void)argc;
  return 0;
#endif
}
Determining if the powf exist passed with the following output:
Change Dir: /home/varzonelp/PROYECTOS/GDSRC/gd-web-decompiled/android/app/.cxx/Debug/k5041461/arm64-v8a/CMakeFiles/CMakeTmp

Run Build Command(s):/home/varzonelp/Android/Sdk/cmake/3.22.1/bin/ninja cmTC_4756e && [1/2] Building C object CMakeFiles/cmTC_4756e.dir/CheckSymbolExists.c.o
[2/2] Linking C executable cmTC_4756e


File /home/varzonelp/PROYECTOS/GDSRC/gd-web-decompiled/android/app/.cxx/Debug/k5041461/arm64-v8a/CMakeFiles/CMakeTmp/CheckSymbolExists.c:
/* */
#include <math.h>

int main(int argc, char** argv)
{
  (void)argv;
#ifndef powf
  return ((int*)(&powf))[argc];
#else
  (void)argc;
  return 0;
#endif
}
Determining if the round exist passed with the following output:
Change Dir: /home/varzonelp/PROYECTOS/GDSRC/gd-web-decompiled/android/app/.cxx/Debug/k5041461/arm64-v8a/CMakeFiles/CMakeTmp

Run Build Command(s):/home/varzonelp/Android/Sdk/cmake/3.22.1/bin/ninja cmTC_6eb37 && [1/2] Building C object CMakeFiles/cmTC_6eb37.dir/CheckSymbolExists.c.o
[2/2] Linking C executable cmTC_6eb37


File /home/varzonelp/PROYECTOS/GDSRC/gd-web-decompiled/android/app/.cxx/Debug/k5041461/arm64-v8a/CMakeFiles/CMakeTmp/CheckSymbolExists.c:
/* */
#include <math.h>

int main(int argc, char** argv)
{
  (void)argv;
#ifndef round
  return ((int*)(&round))[argc];
#else
  (void)argc;
  return 0;
#endif
}
Determining if the roundf exist passed with the following output:
Change Dir: /home/varzonelp/PROYECTOS/GDSRC/gd-web-decompiled/android/app/.cxx/Debug/k5041461/arm64-v8a/CMakeFiles/CMakeTmp

Run Build Command(s):/home/varzonelp/Android/Sdk/cmake/3.22.1/bin/ninja cmTC_c0043 && [1/2] Building C object CMakeFiles/cmTC_c0043.dir/CheckSymbolExists.c.o
[2/2] Linking C executable cmTC_c0043


File /home/varzonelp/PROYECTOS/GDSRC/gd-web-decompiled/android/app/.cxx/Debug/k5041461/arm64-v8a/CMakeFiles/CMakeTmp/CheckSymbolExists.c:
/* */
#include <math.h>

int main(int argc, char** argv)
{
  (void)argv;
#ifndef roundf
  return ((int*)(&roundf))[argc];
#else
  (void)argc;
  return 0;
#endif
}
Determining if the scalbn exist passed with the following output:
Change Dir: /home/varzonelp/PROYECTOS/GDSRC/gd-web-decompiled/android/app/.cxx/Debug/k5041461/arm64-v8a/CMakeFiles/CMakeTmp

Run Build Command(s):/home/varzonelp/Android/Sdk/cmake/3.22.1/bin/ninja cmTC_76928 && [1/2] Building C object CMakeFiles/cmTC_76928.dir/CheckSymbolExists.c.o
[2/2] Linking C executable cmTC_76928


File /home/varzonelp/PROYECTOS/GDSRC/gd-web-decompiled/android/app/.cxx/Debug/k5041461/arm64-v8a/CMakeFiles/CMakeTmp/CheckSymbolExists.c:
/* */
#include <math.h>

int main(int argc, char** argv)
{
  (void)argv;
#ifndef scalbn
  return ((int*)(&scalbn))[argc];
#else
  (void)argc;
  return 0;
#endif
}
Determining if the scalbnf exist passed with the following output:
Change Dir: /home/varzonelp/PROYECTOS/GDSRC/gd-web-decompiled/android/app/.cxx/Debug/k5041461/arm64-v8a/CMakeFiles/CMakeTmp

Run Build Command(s):/home/varzonelp/Android/Sdk/cmake/3.22.1/bin/ninja cmTC_241b1 && [1/2] Building C object CMakeFiles/cmTC_241b1.dir/CheckSymbolExists.c.o
[2/2] Linking C executable cmTC_241b1


File /home/varzonelp/PROYECTOS/GDSRC/gd-web-decompiled/android/app/.cxx/Debug/k5041461/arm64-v8a/CMakeFiles/CMakeTmp/CheckSymbolExists.c:
/* */
#include <math.h>

int main(int argc, char** argv)
{
  (void)argv;
#ifndef scalbnf
  return ((int*)(&scalbnf))[argc];
#else
  (void)argc;
  return 0;
#endif
}
Determining if the sin exist passed with the following output:
Change Dir: /home/varzonelp/PROYECTOS/GDSRC/gd-web-decompiled/android/app/.cxx/Debug/k5041461/arm64-v8a/CMakeFiles/CMakeTmp

Run Build Command(s):/home/varzonelp/Android/Sdk/cmake/3.22.1/bin/ninja cmTC_d3da0 && [1/2] Building C object CMakeFiles/cmTC_d3da0.dir/CheckSymbolExists.c.o
[2/2] Linking C executable cmTC_d3da0


File /home/varzonelp/PROYECTOS/GDSRC/gd-web-decompiled/android/app/.cxx/Debug/k5041461/arm64-v8a/CMakeFiles/CMakeTmp/CheckSymbolExists.c:
/* */
#include <math.h>

int main(int argc, char** argv)
{
  (void)argv;
#ifndef sin
  return ((int*)(&sin))[argc];
#else
  (void)argc;
  return 0;
#endif
}
Determining if the sinf exist passed with the following output:
Change Dir: /home/varzonelp/PROYECTOS/GDSRC/gd-web-decompiled/android/app/.cxx/Debug/k5041461/arm64-v8a/CMakeFiles/CMakeTmp

Run Build Command(s):/home/varzonelp/Android/Sdk/cmake/3.22.1/bin/ninja cmTC_514a7 && [1/2] Building C object CMakeFiles/cmTC_514a7.dir/CheckSymbolExists.c.o
[2/2] Linking C executable cmTC_514a7


File /home/varzonelp/PROYECTOS/GDSRC/gd-web-decompiled/android/app/.cxx/Debug/k5041461/arm64-v8a/CMakeFiles/CMakeTmp/CheckSymbolExists.c:
/* */
#include <math.h>

int main(int argc, char** argv)
{
  (void)argv;
#ifndef sinf
  return ((int*)(&sinf))[argc];
#else
  (void)argc;
  return 0;
#endif
}
Determining if the sqrt exist passed with the following output:
Change Dir: /home/varzonelp/PROYECTOS/GDSRC/gd-web-decompiled/android/app/.cxx/Debug/k5041461/arm64-v8a/CMakeFiles/CMakeTmp

Run Build Command(s):/home/varzonelp/Android/Sdk/cmake/3.22.1/bin/ninja cmTC_fbe5d && [1/2] Building C object CMakeFiles/cmTC_fbe5d.dir/CheckSymbolExists.c.o
[2/2] Linking C executable cmTC_fbe5d


File /home/varzonelp/PROYECTOS/GDSRC/gd-web-decompiled/android/app/.cxx/Debug/k5041461/arm64-v8a/CMakeFiles/CMakeTmp/CheckSymbolExists.c:
/* */
#include <math.h>

int main(int argc, char** argv)
{
  (void)argv;
#ifndef sqrt
  return ((int*)(&sqrt))[argc];
#else
  (void)argc;
  return 0;
#endif
}
Determining if the sqrtf exist passed with the following output:
Change Dir: /home/varzonelp/PROYECTOS/GDSRC/gd-web-decompiled/android/app/.cxx/Debug/k5041461/arm64-v8a/CMakeFiles/CMakeTmp

Run Build Command(s):/home/varzonelp/Android/Sdk/cmake/3.22.1/bin/ninja cmTC_d140e && [1/2] Building C object CMakeFiles/cmTC_d140e.dir/CheckSymbolExists.c.o
[2/2] Linking C executable cmTC_d140e


File /home/varzonelp/PROYECTOS/GDSRC/gd-web-decompiled/android/app/.cxx/Debug/k5041461/arm64-v8a/CMakeFiles/CMakeTmp/CheckSymbolExists.c:
/* */
#include <math.h>

int main(int argc, char** argv)
{
  (void)argv;
#ifndef sqrtf
  return ((int*)(&sqrtf))[argc];
#else
  (void)argc;
  return 0;
#endif
}
Determining if the tan exist passed with the following output:
Change Dir: /home/varzonelp/PROYECTOS/GDSRC/gd-web-decompiled/android/app/.cxx/Debug/k5041461/arm64-v8a/CMakeFiles/CMakeTmp

Run Build Command(s):/home/varzonelp/Android/Sdk/cmake/3.22.1/bin/ninja cmTC_ba7cc && [1/2] Building C object CMakeFiles/cmTC_ba7cc.dir/CheckSymbolExists.c.o
[2/2] Linking C executable cmTC_ba7cc


File /home/varzonelp/PROYECTOS/GDSRC/gd-web-decompiled/android/app/.cxx/Debug/k5041461/arm64-v8a/CMakeFiles/CMakeTmp/CheckSymbolExists.c:
/* */
#include <math.h>

int main(int argc, char** argv)
{
  (void)argv;
#ifndef tan
  return ((int*)(&tan))[argc];
#else
  (void)argc;
  return 0;
#endif
}
Determining if the tanf exist passed with the following output:
Change Dir: /home/varzonelp/PROYECTOS/GDSRC/gd-web-decompiled/android/app/.cxx/Debug/k5041461/arm64-v8a/CMakeFiles/CMakeTmp

Run Build Command(s):/home/varzonelp/Android/Sdk/cmake/3.22.1/bin/ninja cmTC_02f59 && [1/2] Building C object CMakeFiles/cmTC_02f59.dir/CheckSymbolExists.c.o
[2/2] Linking C executable cmTC_02f59


File /home/varzonelp/PROYECTOS/GDSRC/gd-web-decompiled/android/app/.cxx/Debug/k5041461/arm64-v8a/CMakeFiles/CMakeTmp/CheckSymbolExists.c:
/* */
#include <math.h>

int main(int argc, char** argv)
{
  (void)argv;
#ifndef tanf
  return ((int*)(&tanf))[argc];
#else
  (void)argc;
  return 0;
#endif
}
Determining if the acos exist passed with the following output:
Change Dir: /home/varzonelp/PROYECTOS/GDSRC/gd-web-decompiled/android/app/.cxx/Debug/k5041461/arm64-v8a/CMakeFiles/CMakeTmp

Run Build Command(s):/home/varzonelp/Android/Sdk/cmake/3.22.1/bin/ninja cmTC_17449 && [1/2] Building C object CMakeFiles/cmTC_17449.dir/CheckSymbolExists.c.o
[2/2] Linking C executable cmTC_17449


File /home/varzonelp/PROYECTOS/GDSRC/gd-web-decompiled/android/app/.cxx/Debug/k5041461/arm64-v8a/CMakeFiles/CMakeTmp/CheckSymbolExists.c:
/* */
#include <math.h>

int main(int argc, char** argv)
{
  (void)argv;
#ifndef acos
  return ((int*)(&acos))[argc];
#else
  (void)argc;
  return 0;
#endif
}
Determining if the acosf exist passed with the following output:
Change Dir: /home/varzonelp/PROYECTOS/GDSRC/gd-web-decompiled/android/app/.cxx/Debug/k5041461/arm64-v8a/CMakeFiles/CMakeTmp

Run Build Command(s):/home/varzonelp/Android/Sdk/cmake/3.22.1/bin/ninja cmTC_9c54e && [1/2] Building C object CMakeFiles/cmTC_9c54e.dir/CheckSymbolExists.c.o
[2/2] Linking C executable cmTC_9c54e


File /home/varzonelp/PROYECTOS/GDSRC/gd-web-decompiled/android/app/.cxx/Debug/k5041461/arm64-v8a/CMakeFiles/CMakeTmp/CheckSymbolExists.c:
/* */
#include <math.h>

int main(int argc, char** argv)
{
  (void)argv;
#ifndef acosf
  return ((int*)(&acosf))[argc];
#else
  (void)argc;
  return 0;
#endif
}
Determining if the asin exist passed with the following output:
Change Dir: /home/varzonelp/PROYECTOS/GDSRC/gd-web-decompiled/android/app/.cxx/Debug/k5041461/arm64-v8a/CMakeFiles/CMakeTmp

Run Build Command(s):/home/varzonelp/Android/Sdk/cmake/3.22.1/bin/ninja cmTC_26b50 && [1/2] Building C object CMakeFiles/cmTC_26b50.dir/CheckSymbolExists.c.o
[2/2] Linking C executable cmTC_26b50


File /home/varzonelp/PROYECTOS/GDSRC/gd-web-decompiled/android/app/.cxx/Debug/k5041461/arm64-v8a/CMakeFiles/CMakeTmp/CheckSymbolExists.c:
/* */
#include <math.h>

int main(int argc, char** argv)
{
  (void)argv;
#ifndef asin
  return ((int*)(&asin))[argc];
#else
  (void)argc;
  return 0;
#endif
}
Determining if the asinf exist passed with the following output:
Change Dir: /home/varzonelp/PROYECTOS/GDSRC/gd-web-decompiled/android/app/.cxx/Debug/k5041461/arm64-v8a/CMakeFiles/CMakeTmp

Run Build Command(s):/home/varzonelp/Android/Sdk/cmake/3.22.1/bin/ninja cmTC_2daf2 && [1/2] Building C object CMakeFiles/cmTC_2daf2.dir/CheckSymbolExists.c.o
[2/2] Linking C executable cmTC_2daf2


File /home/varzonelp/PROYECTOS/GDSRC/gd-web-decompiled/android/app/.cxx/Debug/k5041461/arm64-v8a/CMakeFiles/CMakeTmp/CheckSymbolExists.c:
/* */
#include <math.h>

int main(int argc, char** argv)
{
  (void)argv;
#ifndef asinf
  return ((int*)(&asinf))[argc];
#else
  (void)argc;
  return 0;
#endif
}
Determining if the trunc exist passed with the following output:
Change Dir: /home/varzonelp/PROYECTOS/GDSRC/gd-web-decompiled/android/app/.cxx/Debug/k5041461/arm64-v8a/CMakeFiles/CMakeTmp

Run Build Command(s):/home/varzonelp/Android/Sdk/cmake/3.22.1/bin/ninja cmTC_9c0ad && [1/2] Building C object CMakeFiles/cmTC_9c0ad.dir/CheckSymbolExists.c.o
[2/2] Linking C executable cmTC_9c0ad


File /home/varzonelp/PROYECTOS/GDSRC/gd-web-decompiled/android/app/.cxx/Debug/k5041461/arm64-v8a/CMakeFiles/CMakeTmp/CheckSymbolExists.c:
/* */
#include <math.h>

int main(int argc, char** argv)
{
  (void)argv;
#ifndef trunc
  return ((int*)(&trunc))[argc];
#else
  (void)argc;
  return 0;
#endif
}
Determining if the truncf exist passed with the following output:
Change Dir: /home/varzonelp/PROYECTOS/GDSRC/gd-web-decompiled/android/app/.cxx/Debug/k5041461/arm64-v8a/CMakeFiles/CMakeTmp

Run Build Command(s):/home/varzonelp/Android/Sdk/cmake/3.22.1/bin/ninja cmTC_180fc && [1/2] Building C object CMakeFiles/cmTC_180fc.dir/CheckSymbolExists.c.o
[2/2] Linking C executable cmTC_180fc


File /home/varzonelp/PROYECTOS/GDSRC/gd-web-decompiled/android/app/.cxx/Debug/k5041461/arm64-v8a/CMakeFiles/CMakeTmp/CheckSymbolExists.c:
/* */
#include <math.h>

int main(int argc, char** argv)
{
  (void)argv;
#ifndef truncf
  return ((int*)(&truncf))[argc];
#else
  (void)argc;
  return 0;
#endif
}
Determining if the include file alloca.h exists passed with the following output:
Change Dir: /home/varzonelp/PROYECTOS/GDSRC/gd-web-decompiled/android/app/.cxx/Debug/k5041461/arm64-v8a/CMakeFiles/CMakeTmp

Run Build Command(s):/home/varzonelp/Android/Sdk/cmake/3.22.1/bin/ninja cmTC_0cbfc && [1/2] Building C object CMakeFiles/cmTC_0cbfc.dir/CheckIncludeFile.c.o
[2/2] Linking C executable cmTC_0cbfc



Determining if the alloca exist passed with the following output:
Change Dir: /home/varzonelp/PROYECTOS/GDSRC/gd-web-decompiled/android/app/.cxx/Debug/k5041461/arm64-v8a/CMakeFiles/CMakeTmp

Run Build Command(s):/home/varzonelp/Android/Sdk/cmake/3.22.1/bin/ninja cmTC_2c641 && [1/2] Building C object CMakeFiles/cmTC_2c641.dir/CheckSymbolExists.c.o
[2/2] Linking C executable cmTC_2c641


File /home/varzonelp/PROYECTOS/GDSRC/gd-web-decompiled/android/app/.cxx/Debug/k5041461/arm64-v8a/CMakeFiles/CMakeTmp/CheckSymbolExists.c:
/* */
#include <alloca.h>

int main(int argc, char** argv)
{
  (void)argv;
#ifndef alloca
  return ((int*)(&alloca))[argc];
#else
  (void)argc;
  return 0;
#endif
}
Determining if the alloca exist passed with the following output:
Change Dir: /home/varzonelp/PROYECTOS/GDSRC/gd-web-decompiled/android/app/.cxx/Debug/k5041461/arm64-v8a/CMakeFiles/CMakeTmp

Run Build Command(s):/home/varzonelp/Android/Sdk/cmake/3.22.1/bin/ninja cmTC_6fe3f && [1/2] Building C object CMakeFiles/cmTC_6fe3f.dir/CheckSymbolExists.c.o
[2/2] Linking C executable cmTC_6fe3f


File /home/varzonelp/PROYECTOS/GDSRC/gd-web-decompiled/android/app/.cxx/Debug/k5041461/arm64-v8a/CMakeFiles/CMakeTmp/CheckSymbolExists.c:
/* */
#include <stdlib.h>

int main(int argc, char** argv)
{
  (void)argv;
#ifndef alloca
  return ((int*)(&alloca))[argc];
#else
  (void)argc;
  return 0;
#endif
}
Performing C SOURCE FILE Test HAVE_SA_SIGACTION succeeded with the following output:
Change Dir: /home/varzonelp/PROYECTOS/GDSRC/gd-web-decompiled/android/app/.cxx/Debug/k5041461/arm64-v8a/CMakeFiles/CMakeTmp

Run Build Command(s):/home/varzonelp/Android/Sdk/cmake/3.22.1/bin/ninja cmTC_a825b && [1/2] Building C object CMakeFiles/cmTC_a825b.dir/src.c.o
[2/2] Linking C executable cmTC_a825b


Source file was:

#include <signal.h>

int main()
{
  (void)sizeof(((struct sigaction *)0)->sa_sigaction);
  return 0;
}

Determining if the dlopen exist passed with the following output:
Change Dir: /home/varzonelp/PROYECTOS/GDSRC/gd-web-decompiled/android/app/.cxx/Debug/k5041461/arm64-v8a/CMakeFiles/CMakeTmp

Run Build Command(s):/home/varzonelp/Android/Sdk/cmake/3.22.1/bin/ninja cmTC_c734d && [1/2] Building C object CMakeFiles/cmTC_c734d.dir/CheckSymbolExists.c.o
[2/2] Linking C executable cmTC_c734d


File /home/varzonelp/PROYECTOS/GDSRC/gd-web-decompiled/android/app/.cxx/Debug/k5041461/arm64-v8a/CMakeFiles/CMakeTmp/CheckSymbolExists.c:
/* */
#include <dlfcn.h>

int main(int argc, char** argv)
{
  (void)argv;
#ifndef dlopen
  return ((int*)(&dlopen))[argc];
#else
  (void)argc;
  return 0;
#endif
}
Performing C SOURCE FILE Test HAVE_O_CLOEXEC succeeded with the following output:
Change Dir: /home/varzonelp/PROYECTOS/GDSRC/gd-web-decompiled/android/app/.cxx/Debug/k5041461/arm64-v8a/CMakeFiles/CMakeTmp

Run Build Command(s):/home/varzonelp/Android/Sdk/cmake/3.22.1/bin/ninja cmTC_1c531 && [1/2] Building C object CMakeFiles/cmTC_1c531.dir/src.c.o
[2/2] Linking C executable cmTC_1c531


Source file was:

    #include <fcntl.h>
    int flag = O_CLOEXEC;
    int main(int argc, char **argv) { return 0; }
Performing C SOURCE FILE Test VULKAN_PASSED_ANDROID_CHECKS succeeded with the following output:
Change Dir: /home/varzonelp/PROYECTOS/GDSRC/gd-web-decompiled/android/app/.cxx/Debug/k5041461/arm64-v8a/CMakeFiles/CMakeTmp

Run Build Command(s):/home/varzonelp/Android/Sdk/cmake/3.22.1/bin/ninja cmTC_cb00a && [1/2] Building C object CMakeFiles/cmTC_cb00a.dir/src.c.o
[2/2] Linking C executable cmTC_cb00a


Source file was:

      #if defined(__ARM_ARCH) && __ARM_ARCH < 7
      #error Vulkan doesn't work on this configuration
      #endif
      int main(int argc, char **argv) { return 0; }
      
Performing C SOURCE FILE Test HAVE_PTHREADS succeeded with the following output:
Change Dir: /home/varzonelp/PROYECTOS/GDSRC/gd-web-decompiled/android/app/.cxx/Debug/k5041461/arm64-v8a/CMakeFiles/CMakeTmp

Run Build Command(s):/home/varzonelp/Android/Sdk/cmake/3.22.1/bin/ninja cmTC_d1310 && [1/2] Building C object CMakeFiles/cmTC_d1310.dir/src.c.o
[2/2] Linking C executable cmTC_d1310


Source file was:

      #include <pthread.h>
      int main(int argc, char** argv) {
        pthread_attr_t type;
        pthread_attr_init(&type);
        return 0;
      }
Performing C SOURCE FILE Test HAVE_RECURSIVE_MUTEXES succeeded with the following output:
Change Dir: /home/varzonelp/PROYECTOS/GDSRC/gd-web-decompiled/android/app/.cxx/Debug/k5041461/arm64-v8a/CMakeFiles/CMakeTmp

Run Build Command(s):/home/varzonelp/Android/Sdk/cmake/3.22.1/bin/ninja cmTC_3eeaf && [1/2] Building C object CMakeFiles/cmTC_3eeaf.dir/src.c.o
[2/2] Linking C executable cmTC_3eeaf


Source file was:

        #include <pthread.h>
        int main(int argc, char **argv) {
          pthread_mutexattr_t attr;
          pthread_mutexattr_settype(&attr, PTHREAD_MUTEX_RECURSIVE);
          return 0;
        }
Performing C SOURCE FILE Test HAVE_PTHREADS_SEM succeeded with the following output:
Change Dir: /home/varzonelp/PROYECTOS/GDSRC/gd-web-decompiled/android/app/.cxx/Debug/k5041461/arm64-v8a/CMakeFiles/CMakeTmp

Run Build Command(s):/home/varzonelp/Android/Sdk/cmake/3.22.1/bin/ninja cmTC_b37ca && [1/2] Building C object CMakeFiles/cmTC_b37ca.dir/src.c.o
[2/2] Linking C executable cmTC_b37ca


Source file was:
#include <pthread.h>
                                 #include <semaphore.h>
                                 int main(int argc, char **argv) { return 0; }
Performing C SOURCE FILE Test HAVE_SEM_TIMEDWAIT succeeded with the following output:
Change Dir: /home/varzonelp/PROYECTOS/GDSRC/gd-web-decompiled/android/app/.cxx/Debug/k5041461/arm64-v8a/CMakeFiles/CMakeTmp

Run Build Command(s):/home/varzonelp/Android/Sdk/cmake/3.22.1/bin/ninja cmTC_d90ba && [1/2] Building C object CMakeFiles/cmTC_d90ba.dir/src.c.o
/home/varzonelp/PROYECTOS/GDSRC/gd-web-decompiled/android/app/.cxx/Debug/k5041461/arm64-v8a/CMakeFiles/CMakeTmp/src.c:5:33: warning: null passed to a callee that requires a non-null argument [-Wnonnull]
                  sem_timedwait(NULL, NULL);
                                ^~~~
/home/varzonelp/Android/Sdk/ndk/26.3.11579264/toolchains/llvm/prebuilt/linux-x86_64/lib/clang/17/include/stddef.h:89:16: note: expanded from macro 'NULL'
#  define NULL ((void*)0)
               ^~~~~~~~~~
/home/varzonelp/PROYECTOS/GDSRC/gd-web-decompiled/android/app/.cxx/Debug/k5041461/arm64-v8a/CMakeFiles/CMakeTmp/src.c:5:39: warning: null passed to a callee that requires a non-null argument [-Wnonnull]
                  sem_timedwait(NULL, NULL);
                                      ^~~~
/home/varzonelp/Android/Sdk/ndk/26.3.11579264/toolchains/llvm/prebuilt/linux-x86_64/lib/clang/17/include/stddef.h:89:16: note: expanded from macro 'NULL'
#  define NULL ((void*)0)
               ^~~~~~~~~~
2 warnings generated.
[2/2] Linking C executable cmTC_d90ba


Source file was:

              #include <pthread.h>
              #include <semaphore.h>
              int main(int argc, char **argv) {
                  sem_timedwait(NULL, NULL);
                  return 0;
              }
Determining if files pthread.h exist passed with the following output:
Change Dir: /home/varzonelp/PROYECTOS/GDSRC/gd-web-decompiled/android/app/.cxx/Debug/k5041461/arm64-v8a/CMakeFiles/CMakeTmp

Run Build Command(s):/home/varzonelp/Android/Sdk/cmake/3.22.1/bin/ninja cmTC_b2cb9 && [1/2] Building C object CMakeFiles/cmTC_b2cb9.dir/HAVE_PTHREAD_H.c.o
[2/2] Linking C executable cmTC_b2cb9



Performing C SOURCE FILE Test HAVE_PTHREAD_SETNAME_NP succeeded with the following output:
Change Dir: /home/varzonelp/PROYECTOS/GDSRC/gd-web-decompiled/android/app/.cxx/Debug/k5041461/arm64-v8a/CMakeFiles/CMakeTmp

Run Build Command(s):/home/varzonelp/Android/Sdk/cmake/3.22.1/bin/ninja cmTC_0f471 && [1/2] Building C object CMakeFiles/cmTC_0f471.dir/src.c.o
[2/2] Linking C executable cmTC_0f471


Source file was:

            #include <pthread.h>
            int main(int argc, char **argv) {
              #ifdef __APPLE__
              pthread_setname_np("");
              #else
              pthread_setname_np(pthread_self(),"");
              #endif
              return 0;
            }
