The target system is: Android - 1 - x86_64
The host system is: Linux - 7.2.8-1-cachyos - x86_64
Compiling the C compiler identification source file "CMakeCCompilerId.c" succeeded.
Compiler: /home/varzonelp/Android/Sdk/ndk/26.3.11579264/toolchains/llvm/prebuilt/linux-x86_64/bin/clang 
Build flags: -g;-DANDROID;-fdata-sections;-ffunction-sections;-funwind-tables;-fstack-protector-strong;-no-canonical-prefixes;-D_FORTIFY_SOURCE=2;-Wformat;-Werror=format-security;
Id flags: -c;--target=x86_64-none-linux-android21 

The output was:
0


Compilation of the C compiler identification source "CMakeCCompilerId.c" produced "CMakeCCompilerId.o"

The C compiler identification is Clang, found in "/home/varzonelp/PROYECTOS/GDSRC/gd-web-decompiled/android/app/.cxx/Debug/k5041461/x86_64/CMakeFiles/3.22.1-g37088a8/CompilerIdC/CMakeCCompilerId.o"

Compiling the CXX compiler identification source file "CMakeCXXCompilerId.cpp" succeeded.
Compiler: /home/varzonelp/Android/Sdk/ndk/26.3.11579264/toolchains/llvm/prebuilt/linux-x86_64/bin/clang++ 
Build flags: -g;-DANDROID;-fdata-sections;-ffunction-sections;-funwind-tables;-fstack-protector-strong;-no-canonical-prefixes;-D_FORTIFY_SOURCE=2;-Wformat;-Werror=format-security;;
Id flags: -c;--target=x86_64-none-linux-android21 

The output was:
0


Compilation of the CXX compiler identification source "CMakeCXXCompilerId.cpp" produced "CMakeCXXCompilerId.o"

The CXX compiler identification is Clang, found in "/home/varzonelp/PROYECTOS/GDSRC/gd-web-decompiled/android/app/.cxx/Debug/k5041461/x86_64/CMakeFiles/3.22.1-g37088a8/CompilerIdCXX/CMakeCXXCompilerId.o"

Detecting C compiler ABI info compiled with the following output:
Change Dir: /home/varzonelp/PROYECTOS/GDSRC/gd-web-decompiled/android/app/.cxx/Debug/k5041461/x86_64/CMakeFiles/CMakeTmp

Run Build Command(s):/home/varzonelp/Android/Sdk/cmake/3.22.1/bin/ninja cmTC_a61b9 && [1/2] Building C object CMakeFiles/cmTC_a61b9.dir/CMakeCCompilerABI.c.o
Android (11349228, +pgo, +bolt, +lto, -mlgo, based on r487747e) clang version 17.0.2 (https://android.googlesource.com/toolchain/llvm-project d9f89f4d16663d5012e5c09495f3b30ece3d2362)
Target: x86_64-none-linux-android21
Thread model: posix
InstalledDir: /home/varzonelp/Android/Sdk/ndk/26.3.11579264/toolchains/llvm/prebuilt/linux-x86_64/bin
 (in-process)
 "/home/varzonelp/Android/Sdk/ndk/26.3.11579264/toolchains/llvm/prebuilt/linux-x86_64/bin/clang" -cc1 -triple x86_64-none-linux-android21 -emit-obj -mrelax-all -disable-free -clear-ast-before-backend -disable-llvm-verifier -discard-value-names -main-file-name CMakeCCompilerABI.c -mrelocation-model pic -pic-level 2 -pic-is-pie -mframe-pointer=all -ffp-contract=on -fno-rounding-math -mconstructor-aliases -funwind-tables=2 -target-cpu x86-64 -target-feature +sse4.2 -target-feature +popcnt -target-feature +cx16 -tune-cpu generic -mllvm -treat-scalable-fixed-error-as-warning -debug-info-kind=constructor -dwarf-version=4 -debugger-tuning=gdb -v -ffunction-sections -fdata-sections -fcoverage-compilation-dir=/home/varzonelp/PROYECTOS/GDSRC/gd-web-decompiled/android/app/.cxx/Debug/k5041461/x86_64/CMakeFiles/CMakeTmp -resource-dir /home/varzonelp/Android/Sdk/ndk/26.3.11579264/toolchains/llvm/prebuilt/linux-x86_64/lib/clang/17 -dependency-file CMakeFiles/cmTC_a61b9.dir/CMakeCCompilerABI.c.o.d -MT CMakeFiles/cmTC_a61b9.dir/CMakeCCompilerABI.c.o -sys-header-deps -D ANDROID -D _FORTIFY_SOURCE=2 -isysroot /home/varzonelp/Android/Sdk/ndk/26.3.11579264/toolchains/llvm/prebuilt/linux-x86_64/sysroot -internal-isystem /home/varzonelp/Android/Sdk/ndk/26.3.11579264/toolchains/llvm/prebuilt/linux-x86_64/lib/clang/17/include -internal-isystem /home/varzonelp/Android/Sdk/ndk/26.3.11579264/toolchains/llvm/prebuilt/linux-x86_64/sysroot/usr/local/include -internal-externc-isystem /home/varzonelp/Android/Sdk/ndk/26.3.11579264/toolchains/llvm/prebuilt/linux-x86_64/sysroot/usr/include/x86_64-linux-android -internal-externc-isystem /home/varzonelp/Android/Sdk/ndk/26.3.11579264/toolchains/llvm/prebuilt/linux-x86_64/sysroot/include -internal-externc-isystem /home/varzonelp/Android/Sdk/ndk/26.3.11579264/toolchains/llvm/prebuilt/linux-x86_64/sysroot/usr/include -Wformat -fdebug-compilation-dir=/home/varzonelp/PROYECTOS/GDSRC/gd-web-decompiled/android/app/.cxx/Debug/k5041461/x86_64/CMakeFiles/CMakeTmp -ferror-limit 19 -stack-protector 2 -fgnuc-version=4.2.1 -D__GCC_HAVE_DWARF2_CFI_ASM=1 -o CMakeFiles/cmTC_a61b9.dir/CMakeCCompilerABI.c.o -x c /home/varzonelp/Android/Sdk/cmake/3.22.1/share/cmake-3.22/Modules/CMakeCCompilerABI.c
clang -cc1 version 17.0.2 based upon LLVM 17.0.2 default target x86_64-unknown-linux-gnu
ignoring nonexistent directory "/home/varzonelp/Android/Sdk/ndk/26.3.11579264/toolchains/llvm/prebuilt/linux-x86_64/sysroot/usr/local/include"
ignoring nonexistent directory "/home/varzonelp/Android/Sdk/ndk/26.3.11579264/toolchains/llvm/prebuilt/linux-x86_64/sysroot/include"
#include "..." search starts here:
#include <...> search starts here:
 /home/varzonelp/Android/Sdk/ndk/26.3.11579264/toolchains/llvm/prebuilt/linux-x86_64/lib/clang/17/include
 /home/varzonelp/Android/Sdk/ndk/26.3.11579264/toolchains/llvm/prebuilt/linux-x86_64/sysroot/usr/include/x86_64-linux-android
 /home/varzonelp/Android/Sdk/ndk/26.3.11579264/toolchains/llvm/prebuilt/linux-x86_64/sysroot/usr/include
End of search list.
[2/2] Linking C executable cmTC_a61b9
Android (11349228, +pgo, +bolt, +lto, -mlgo, based on r487747e) clang version 17.0.2 (https://android.googlesource.com/toolchain/llvm-project d9f89f4d16663d5012e5c09495f3b30ece3d2362)
Target: x86_64-none-linux-android21
Thread model: posix
InstalledDir: /home/varzonelp/Android/Sdk/ndk/26.3.11579264/toolchains/llvm/prebuilt/linux-x86_64/bin
 "/home/varzonelp/Android/Sdk/ndk/26.3.11579264/toolchains/llvm/prebuilt/linux-x86_64/bin/ld.lld" --sysroot=/home/varzonelp/Android/Sdk/ndk/26.3.11579264/toolchains/llvm/prebuilt/linux-x86_64/sysroot -pie -z now -z relro --hash-style=both --eh-frame-hdr -m elf_x86_64 -dynamic-linker /system/bin/linker64 -o cmTC_a61b9 /home/varzonelp/Android/Sdk/ndk/26.3.11579264/toolchains/llvm/prebuilt/linux-x86_64/sysroot/usr/lib/x86_64-linux-android/21/crtbegin_dynamic.o -L/home/varzonelp/Android/Sdk/ndk/26.3.11579264/toolchains/llvm/prebuilt/linux-x86_64/lib/clang/17/lib/linux/x86_64 -L/home/varzonelp/Android/Sdk/ndk/26.3.11579264/toolchains/llvm/prebuilt/linux-x86_64/sysroot/usr/lib/x86_64-linux-android/21 -L/home/varzonelp/Android/Sdk/ndk/26.3.11579264/toolchains/llvm/prebuilt/linux-x86_64/sysroot/usr/lib/x86_64-linux-android -L/home/varzonelp/Android/Sdk/ndk/26.3.11579264/toolchains/llvm/prebuilt/linux-x86_64/sysroot/usr/lib --build-id=sha1 --no-rosegment --no-undefined-version --fatal-warnings --no-undefined CMakeFiles/cmTC_a61b9.dir/CMakeCCompilerABI.c.o /home/varzonelp/Android/Sdk/ndk/26.3.11579264/toolchains/llvm/prebuilt/linux-x86_64/lib/clang/17/lib/linux/libclang_rt.builtins-x86_64-android.a -l:libunwind.a -ldl -lc /home/varzonelp/Android/Sdk/ndk/26.3.11579264/toolchains/llvm/prebuilt/linux-x86_64/lib/clang/17/lib/linux/libclang_rt.builtins-x86_64-android.a -l:libunwind.a -ldl /home/varzonelp/Android/Sdk/ndk/26.3.11579264/toolchains/llvm/prebuilt/linux-x86_64/sysroot/usr/lib/x86_64-linux-android/21/crtend_android.o



Parsed C implicit include dir info from above output: rv=done
  found start of include info
  found start of implicit include info
    add: [/home/varzonelp/Android/Sdk/ndk/26.3.11579264/toolchains/llvm/prebuilt/linux-x86_64/lib/clang/17/include]
    add: [/home/varzonelp/Android/Sdk/ndk/26.3.11579264/toolchains/llvm/prebuilt/linux-x86_64/sysroot/usr/include/x86_64-linux-android]
    add: [/home/varzonelp/Android/Sdk/ndk/26.3.11579264/toolchains/llvm/prebuilt/linux-x86_64/sysroot/usr/include]
  end of search list found
  collapse include dir [/home/varzonelp/Android/Sdk/ndk/26.3.11579264/toolchains/llvm/prebuilt/linux-x86_64/lib/clang/17/include] ==> [/home/varzonelp/Android/Sdk/ndk/26.3.11579264/toolchains/llvm/prebuilt/linux-x86_64/lib/clang/17/include]
  collapse include dir [/home/varzonelp/Android/Sdk/ndk/26.3.11579264/toolchains/llvm/prebuilt/linux-x86_64/sysroot/usr/include/x86_64-linux-android] ==> [/home/varzonelp/Android/Sdk/ndk/26.3.11579264/toolchains/llvm/prebuilt/linux-x86_64/sysroot/usr/include/x86_64-linux-android]
  collapse include dir [/home/varzonelp/Android/Sdk/ndk/26.3.11579264/toolchains/llvm/prebuilt/linux-x86_64/sysroot/usr/include] ==> [/home/varzonelp/Android/Sdk/ndk/26.3.11579264/toolchains/llvm/prebuilt/linux-x86_64/sysroot/usr/include]
  implicit include dirs: [/home/varzonelp/Android/Sdk/ndk/26.3.11579264/toolchains/llvm/prebuilt/linux-x86_64/lib/clang/17/include;/home/varzonelp/Android/Sdk/ndk/26.3.11579264/toolchains/llvm/prebuilt/linux-x86_64/sysroot/usr/include/x86_64-linux-android;/home/varzonelp/Android/Sdk/ndk/26.3.11579264/toolchains/llvm/prebuilt/linux-x86_64/sysroot/usr/include]


Parsed C implicit link information from above output:
  link line regex: [^( *|.*[/\])(ld\.lld|CMAKE_LINK_STARTFILE-NOTFOUND|([^/\]+-)?ld|collect2)[^/\]*( |$)]
  ignore line: [Change Dir: /home/varzonelp/PROYECTOS/GDSRC/gd-web-decompiled/android/app/.cxx/Debug/k5041461/x86_64/CMakeFiles/CMakeTmp]
  ignore line: []
  ignore line: [Run Build Command(s):/home/varzonelp/Android/Sdk/cmake/3.22.1/bin/ninja cmTC_a61b9 && [1/2] Building C object CMakeFiles/cmTC_a61b9.dir/CMakeCCompilerABI.c.o]
  ignore line: [Android (11349228  +pgo  +bolt  +lto  -mlgo  based on r487747e) clang version 17.0.2 (https://android.googlesource.com/toolchain/llvm-project d9f89f4d16663d5012e5c09495f3b30ece3d2362)]
  ignore line: [Target: x86_64-none-linux-android21]
  ignore line: [Thread model: posix]
  ignore line: [InstalledDir: /home/varzonelp/Android/Sdk/ndk/26.3.11579264/toolchains/llvm/prebuilt/linux-x86_64/bin]
  ignore line: [ (in-process)]
  ignore line: [ "/home/varzonelp/Android/Sdk/ndk/26.3.11579264/toolchains/llvm/prebuilt/linux-x86_64/bin/clang" -cc1 -triple x86_64-none-linux-android21 -emit-obj -mrelax-all -disable-free -clear-ast-before-backend -disable-llvm-verifier -discard-value-names -main-file-name CMakeCCompilerABI.c -mrelocation-model pic -pic-level 2 -pic-is-pie -mframe-pointer=all -ffp-contract=on -fno-rounding-math -mconstructor-aliases -funwind-tables=2 -target-cpu x86-64 -target-feature +sse4.2 -target-feature +popcnt -target-feature +cx16 -tune-cpu generic -mllvm -treat-scalable-fixed-error-as-warning -debug-info-kind=constructor -dwarf-version=4 -debugger-tuning=gdb -v -ffunction-sections -fdata-sections -fcoverage-compilation-dir=/home/varzonelp/PROYECTOS/GDSRC/gd-web-decompiled/android/app/.cxx/Debug/k5041461/x86_64/CMakeFiles/CMakeTmp -resource-dir /home/varzonelp/Android/Sdk/ndk/26.3.11579264/toolchains/llvm/prebuilt/linux-x86_64/lib/clang/17 -dependency-file CMakeFiles/cmTC_a61b9.dir/CMakeCCompilerABI.c.o.d -MT CMakeFiles/cmTC_a61b9.dir/CMakeCCompilerABI.c.o -sys-header-deps -D ANDROID -D _FORTIFY_SOURCE=2 -isysroot /home/varzonelp/Android/Sdk/ndk/26.3.11579264/toolchains/llvm/prebuilt/linux-x86_64/sysroot -internal-isystem /home/varzonelp/Android/Sdk/ndk/26.3.11579264/toolchains/llvm/prebuilt/linux-x86_64/lib/clang/17/include -internal-isystem /home/varzonelp/Android/Sdk/ndk/26.3.11579264/toolchains/llvm/prebuilt/linux-x86_64/sysroot/usr/local/include -internal-externc-isystem /home/varzonelp/Android/Sdk/ndk/26.3.11579264/toolchains/llvm/prebuilt/linux-x86_64/sysroot/usr/include/x86_64-linux-android -internal-externc-isystem /home/varzonelp/Android/Sdk/ndk/26.3.11579264/toolchains/llvm/prebuilt/linux-x86_64/sysroot/include -internal-externc-isystem /home/varzonelp/Android/Sdk/ndk/26.3.11579264/toolchains/llvm/prebuilt/linux-x86_64/sysroot/usr/include -Wformat -fdebug-compilation-dir=/home/varzonelp/PROYECTOS/GDSRC/gd-web-decompiled/android/app/.cxx/Debug/k5041461/x86_64/CMakeFiles/CMakeTmp -ferror-limit 19 -stack-protector 2 -fgnuc-version=4.2.1 -D__GCC_HAVE_DWARF2_CFI_ASM=1 -o CMakeFiles/cmTC_a61b9.dir/CMakeCCompilerABI.c.o -x c /home/varzonelp/Android/Sdk/cmake/3.22.1/share/cmake-3.22/Modules/CMakeCCompilerABI.c]
  ignore line: [clang -cc1 version 17.0.2 based upon LLVM 17.0.2 default target x86_64-unknown-linux-gnu]
  ignore line: [ignoring nonexistent directory "/home/varzonelp/Android/Sdk/ndk/26.3.11579264/toolchains/llvm/prebuilt/linux-x86_64/sysroot/usr/local/include"]
  ignore line: [ignoring nonexistent directory "/home/varzonelp/Android/Sdk/ndk/26.3.11579264/toolchains/llvm/prebuilt/linux-x86_64/sysroot/include"]
  ignore line: [#include "..." search starts here:]
  ignore line: [#include <...> search starts here:]
  ignore line: [ /home/varzonelp/Android/Sdk/ndk/26.3.11579264/toolchains/llvm/prebuilt/linux-x86_64/lib/clang/17/include]
  ignore line: [ /home/varzonelp/Android/Sdk/ndk/26.3.11579264/toolchains/llvm/prebuilt/linux-x86_64/sysroot/usr/include/x86_64-linux-android]
  ignore line: [ /home/varzonelp/Android/Sdk/ndk/26.3.11579264/toolchains/llvm/prebuilt/linux-x86_64/sysroot/usr/include]
  ignore line: [End of search list.]
  ignore line: [[2/2] Linking C executable cmTC_a61b9]
  ignore line: [Android (11349228  +pgo  +bolt  +lto  -mlgo  based on r487747e) clang version 17.0.2 (https://android.googlesource.com/toolchain/llvm-project d9f89f4d16663d5012e5c09495f3b30ece3d2362)]
  ignore line: [Target: x86_64-none-linux-android21]
  ignore line: [Thread model: posix]
  ignore line: [InstalledDir: /home/varzonelp/Android/Sdk/ndk/26.3.11579264/toolchains/llvm/prebuilt/linux-x86_64/bin]
  link line: [ "/home/varzonelp/Android/Sdk/ndk/26.3.11579264/toolchains/llvm/prebuilt/linux-x86_64/bin/ld.lld" --sysroot=/home/varzonelp/Android/Sdk/ndk/26.3.11579264/toolchains/llvm/prebuilt/linux-x86_64/sysroot -pie -z now -z relro --hash-style=both --eh-frame-hdr -m elf_x86_64 -dynamic-linker /system/bin/linker64 -o cmTC_a61b9 /home/varzonelp/Android/Sdk/ndk/26.3.11579264/toolchains/llvm/prebuilt/linux-x86_64/sysroot/usr/lib/x86_64-linux-android/21/crtbegin_dynamic.o -L/home/varzonelp/Android/Sdk/ndk/26.3.11579264/toolchains/llvm/prebuilt/linux-x86_64/lib/clang/17/lib/linux/x86_64 -L/home/varzonelp/Android/Sdk/ndk/26.3.11579264/toolchains/llvm/prebuilt/linux-x86_64/sysroot/usr/lib/x86_64-linux-android/21 -L/home/varzonelp/Android/Sdk/ndk/26.3.11579264/toolchains/llvm/prebuilt/linux-x86_64/sysroot/usr/lib/x86_64-linux-android -L/home/varzonelp/Android/Sdk/ndk/26.3.11579264/toolchains/llvm/prebuilt/linux-x86_64/sysroot/usr/lib --build-id=sha1 --no-rosegment --no-undefined-version --fatal-warnings --no-undefined CMakeFiles/cmTC_a61b9.dir/CMakeCCompilerABI.c.o /home/varzonelp/Android/Sdk/ndk/26.3.11579264/toolchains/llvm/prebuilt/linux-x86_64/lib/clang/17/lib/linux/libclang_rt.builtins-x86_64-android.a -l:libunwind.a -ldl -lc /home/varzonelp/Android/Sdk/ndk/26.3.11579264/toolchains/llvm/prebuilt/linux-x86_64/lib/clang/17/lib/linux/libclang_rt.builtins-x86_64-android.a -l:libunwind.a -ldl /home/varzonelp/Android/Sdk/ndk/26.3.11579264/toolchains/llvm/prebuilt/linux-x86_64/sysroot/usr/lib/x86_64-linux-android/21/crtend_android.o]
    arg [/home/varzonelp/Android/Sdk/ndk/26.3.11579264/toolchains/llvm/prebuilt/linux-x86_64/bin/ld.lld] ==> ignore
    arg [--sysroot=/home/varzonelp/Android/Sdk/ndk/26.3.11579264/toolchains/llvm/prebuilt/linux-x86_64/sysroot] ==> ignore
    arg [-pie] ==> ignore
    arg [-znow] ==> ignore
    arg [-zrelro] ==> ignore
    arg [--hash-style=both] ==> ignore
    arg [--eh-frame-hdr] ==> ignore
    arg [-m] ==> ignore
    arg [elf_x86_64] ==> ignore
    arg [-dynamic-linker] ==> ignore
    arg [/system/bin/linker64] ==> ignore
    arg [-o] ==> ignore
    arg [cmTC_a61b9] ==> ignore
    arg [/home/varzonelp/Android/Sdk/ndk/26.3.11579264/toolchains/llvm/prebuilt/linux-x86_64/sysroot/usr/lib/x86_64-linux-android/21/crtbegin_dynamic.o] ==> obj [/home/varzonelp/Android/Sdk/ndk/26.3.11579264/toolchains/llvm/prebuilt/linux-x86_64/sysroot/usr/lib/x86_64-linux-android/21/crtbegin_dynamic.o]
    arg [-L/home/varzonelp/Android/Sdk/ndk/26.3.11579264/toolchains/llvm/prebuilt/linux-x86_64/lib/clang/17/lib/linux/x86_64] ==> dir [/home/varzonelp/Android/Sdk/ndk/26.3.11579264/toolchains/llvm/prebuilt/linux-x86_64/lib/clang/17/lib/linux/x86_64]
    arg [-L/home/varzonelp/Android/Sdk/ndk/26.3.11579264/toolchains/llvm/prebuilt/linux-x86_64/sysroot/usr/lib/x86_64-linux-android/21] ==> dir [/home/varzonelp/Android/Sdk/ndk/26.3.11579264/toolchains/llvm/prebuilt/linux-x86_64/sysroot/usr/lib/x86_64-linux-android/21]
    arg [-L/home/varzonelp/Android/Sdk/ndk/26.3.11579264/toolchains/llvm/prebuilt/linux-x86_64/sysroot/usr/lib/x86_64-linux-android] ==> dir [/home/varzonelp/Android/Sdk/ndk/26.3.11579264/toolchains/llvm/prebuilt/linux-x86_64/sysroot/usr/lib/x86_64-linux-android]
    arg [-L/home/varzonelp/Android/Sdk/ndk/26.3.11579264/toolchains/llvm/prebuilt/linux-x86_64/sysroot/usr/lib] ==> dir [/home/varzonelp/Android/Sdk/ndk/26.3.11579264/toolchains/llvm/prebuilt/linux-x86_64/sysroot/usr/lib]
    arg [--build-id=sha1] ==> ignore
    arg [--no-rosegment] ==> ignore
    arg [--no-undefined-version] ==> ignore
    arg [--fatal-warnings] ==> ignore
    arg [--no-undefined] ==> ignore
    arg [CMakeFiles/cmTC_a61b9.dir/CMakeCCompilerABI.c.o] ==> ignore
    arg [/home/varzonelp/Android/Sdk/ndk/26.3.11579264/toolchains/llvm/prebuilt/linux-x86_64/lib/clang/17/lib/linux/libclang_rt.builtins-x86_64-android.a] ==> lib [/home/varzonelp/Android/Sdk/ndk/26.3.11579264/toolchains/llvm/prebuilt/linux-x86_64/lib/clang/17/lib/linux/libclang_rt.builtins-x86_64-android.a]
    arg [-l:libunwind.a] ==> lib [-l:libunwind.a]
    arg [-ldl] ==> lib [dl]
    arg [-lc] ==> lib [c]
    arg [/home/varzonelp/Android/Sdk/ndk/26.3.11579264/toolchains/llvm/prebuilt/linux-x86_64/lib/clang/17/lib/linux/libclang_rt.builtins-x86_64-android.a] ==> lib [/home/varzonelp/Android/Sdk/ndk/26.3.11579264/toolchains/llvm/prebuilt/linux-x86_64/lib/clang/17/lib/linux/libclang_rt.builtins-x86_64-android.a]
    arg [-l:libunwind.a] ==> lib [-l:libunwind.a]
    arg [-ldl] ==> lib [dl]
    arg [/home/varzonelp/Android/Sdk/ndk/26.3.11579264/toolchains/llvm/prebuilt/linux-x86_64/sysroot/usr/lib/x86_64-linux-android/21/crtend_android.o] ==> obj [/home/varzonelp/Android/Sdk/ndk/26.3.11579264/toolchains/llvm/prebuilt/linux-x86_64/sysroot/usr/lib/x86_64-linux-android/21/crtend_android.o]
  remove lib [/home/varzonelp/Android/Sdk/ndk/26.3.11579264/toolchains/llvm/prebuilt/linux-x86_64/lib/clang/17/lib/linux/libclang_rt.builtins-x86_64-android.a]
  remove lib [/home/varzonelp/Android/Sdk/ndk/26.3.11579264/toolchains/llvm/prebuilt/linux-x86_64/lib/clang/17/lib/linux/libclang_rt.builtins-x86_64-android.a]
  collapse library dir [/home/varzonelp/Android/Sdk/ndk/26.3.11579264/toolchains/llvm/prebuilt/linux-x86_64/lib/clang/17/lib/linux/x86_64] ==> [/home/varzonelp/Android/Sdk/ndk/26.3.11579264/toolchains/llvm/prebuilt/linux-x86_64/lib/clang/17/lib/linux/x86_64]
  collapse library dir [/home/varzonelp/Android/Sdk/ndk/26.3.11579264/toolchains/llvm/prebuilt/linux-x86_64/sysroot/usr/lib/x86_64-linux-android/21] ==> [/home/varzonelp/Android/Sdk/ndk/26.3.11579264/toolchains/llvm/prebuilt/linux-x86_64/sysroot/usr/lib/x86_64-linux-android/21]
  collapse library dir [/home/varzonelp/Android/Sdk/ndk/26.3.11579264/toolchains/llvm/prebuilt/linux-x86_64/sysroot/usr/lib/x86_64-linux-android] ==> [/home/varzonelp/Android/Sdk/ndk/26.3.11579264/toolchains/llvm/prebuilt/linux-x86_64/sysroot/usr/lib/x86_64-linux-android]
  collapse library dir [/home/varzonelp/Android/Sdk/ndk/26.3.11579264/toolchains/llvm/prebuilt/linux-x86_64/sysroot/usr/lib] ==> [/home/varzonelp/Android/Sdk/ndk/26.3.11579264/toolchains/llvm/prebuilt/linux-x86_64/sysroot/usr/lib]
  implicit libs: [-l:libunwind.a;dl;c;-l:libunwind.a;dl]
  implicit objs: [/home/varzonelp/Android/Sdk/ndk/26.3.11579264/toolchains/llvm/prebuilt/linux-x86_64/sysroot/usr/lib/x86_64-linux-android/21/crtbegin_dynamic.o;/home/varzonelp/Android/Sdk/ndk/26.3.11579264/toolchains/llvm/prebuilt/linux-x86_64/sysroot/usr/lib/x86_64-linux-android/21/crtend_android.o]
  implicit dirs: [/home/varzonelp/Android/Sdk/ndk/26.3.11579264/toolchains/llvm/prebuilt/linux-x86_64/lib/clang/17/lib/linux/x86_64;/home/varzonelp/Android/Sdk/ndk/26.3.11579264/toolchains/llvm/prebuilt/linux-x86_64/sysroot/usr/lib/x86_64-linux-android/21;/home/varzonelp/Android/Sdk/ndk/26.3.11579264/toolchains/llvm/prebuilt/linux-x86_64/sysroot/usr/lib/x86_64-linux-android;/home/varzonelp/Android/Sdk/ndk/26.3.11579264/toolchains/llvm/prebuilt/linux-x86_64/sysroot/usr/lib]
  implicit fwks: []


Detecting CXX compiler ABI info compiled with the following output:
Change Dir: /home/varzonelp/PROYECTOS/GDSRC/gd-web-decompiled/android/app/.cxx/Debug/k5041461/x86_64/CMakeFiles/CMakeTmp

Run Build Command(s):/home/varzonelp/Android/Sdk/cmake/3.22.1/bin/ninja cmTC_c2f53 && [1/2] Building CXX object CMakeFiles/cmTC_c2f53.dir/CMakeCXXCompilerABI.cpp.o
Android (11349228, +pgo, +bolt, +lto, -mlgo, based on r487747e) clang version 17.0.2 (https://android.googlesource.com/toolchain/llvm-project d9f89f4d16663d5012e5c09495f3b30ece3d2362)
Target: x86_64-none-linux-android21
Thread model: posix
InstalledDir: /home/varzonelp/Android/Sdk/ndk/26.3.11579264/toolchains/llvm/prebuilt/linux-x86_64/bin
 (in-process)
 "/home/varzonelp/Android/Sdk/ndk/26.3.11579264/toolchains/llvm/prebuilt/linux-x86_64/bin/clang++" -cc1 -triple x86_64-none-linux-android21 -emit-obj -mrelax-all -disable-free -clear-ast-before-backend -disable-llvm-verifier -discard-value-names -main-file-name CMakeCXXCompilerABI.cpp -mrelocation-model pic -pic-level 2 -pic-is-pie -mframe-pointer=all -ffp-contract=on -fno-rounding-math -mconstructor-aliases -funwind-tables=2 -target-cpu x86-64 -target-feature +sse4.2 -target-feature +popcnt -target-feature +cx16 -tune-cpu generic -mllvm -treat-scalable-fixed-error-as-warning -debug-info-kind=constructor -dwarf-version=4 -debugger-tuning=gdb -v -ffunction-sections -fdata-sections -fcoverage-compilation-dir=/home/varzonelp/PROYECTOS/GDSRC/gd-web-decompiled/android/app/.cxx/Debug/k5041461/x86_64/CMakeFiles/CMakeTmp -resource-dir /home/varzonelp/Android/Sdk/ndk/26.3.11579264/toolchains/llvm/prebuilt/linux-x86_64/lib/clang/17 -dependency-file CMakeFiles/cmTC_c2f53.dir/CMakeCXXCompilerABI.cpp.o.d -MT CMakeFiles/cmTC_c2f53.dir/CMakeCXXCompilerABI.cpp.o -sys-header-deps -D ANDROID -D _FORTIFY_SOURCE=2 -isysroot /home/varzonelp/Android/Sdk/ndk/26.3.11579264/toolchains/llvm/prebuilt/linux-x86_64/sysroot -internal-isystem /home/varzonelp/Android/Sdk/ndk/26.3.11579264/toolchains/llvm/prebuilt/linux-x86_64/sysroot/usr/include/c++/v1 -internal-isystem /home/varzonelp/Android/Sdk/ndk/26.3.11579264/toolchains/llvm/prebuilt/linux-x86_64/lib/clang/17/include -internal-isystem /home/varzonelp/Android/Sdk/ndk/26.3.11579264/toolchains/llvm/prebuilt/linux-x86_64/sysroot/usr/local/include -internal-externc-isystem /home/varzonelp/Android/Sdk/ndk/26.3.11579264/toolchains/llvm/prebuilt/linux-x86_64/sysroot/usr/include/x86_64-linux-android -internal-externc-isystem /home/varzonelp/Android/Sdk/ndk/26.3.11579264/toolchains/llvm/prebuilt/linux-x86_64/sysroot/include -internal-externc-isystem /home/varzonelp/Android/Sdk/ndk/26.3.11579264/toolchains/llvm/prebuilt/linux-x86_64/sysroot/usr/include -Wformat -fdeprecated-macro -fdebug-compilation-dir=/home/varzonelp/PROYECTOS/GDSRC/gd-web-decompiled/android/app/.cxx/Debug/k5041461/x86_64/CMakeFiles/CMakeTmp -ferror-limit 19 -stack-protector 2 -fgnuc-version=4.2.1 -fcxx-exceptions -fexceptions -D__GCC_HAVE_DWARF2_CFI_ASM=1 -o CMakeFiles/cmTC_c2f53.dir/CMakeCXXCompilerABI.cpp.o -x c++ /home/varzonelp/Android/Sdk/cmake/3.22.1/share/cmake-3.22/Modules/CMakeCXXCompilerABI.cpp
clang -cc1 version 17.0.2 based upon LLVM 17.0.2 default target x86_64-unknown-linux-gnu
ignoring nonexistent directory "/home/varzonelp/Android/Sdk/ndk/26.3.11579264/toolchains/llvm/prebuilt/linux-x86_64/sysroot/usr/local/include"
ignoring nonexistent directory "/home/varzonelp/Android/Sdk/ndk/26.3.11579264/toolchains/llvm/prebuilt/linux-x86_64/sysroot/include"
#include "..." search starts here:
#include <...> search starts here:
 /home/varzonelp/Android/Sdk/ndk/26.3.11579264/toolchains/llvm/prebuilt/linux-x86_64/sysroot/usr/include/c++/v1
 /home/varzonelp/Android/Sdk/ndk/26.3.11579264/toolchains/llvm/prebuilt/linux-x86_64/lib/clang/17/include
 /home/varzonelp/Android/Sdk/ndk/26.3.11579264/toolchains/llvm/prebuilt/linux-x86_64/sysroot/usr/include/x86_64-linux-android
 /home/varzonelp/Android/Sdk/ndk/26.3.11579264/toolchains/llvm/prebuilt/linux-x86_64/sysroot/usr/include
End of search list.
[2/2] Linking CXX executable cmTC_c2f53
Android (11349228, +pgo, +bolt, +lto, -mlgo, based on r487747e) clang version 17.0.2 (https://android.googlesource.com/toolchain/llvm-project d9f89f4d16663d5012e5c09495f3b30ece3d2362)
Target: x86_64-none-linux-android21
Thread model: posix
InstalledDir: /home/varzonelp/Android/Sdk/ndk/26.3.11579264/toolchains/llvm/prebuilt/linux-x86_64/bin
 "/home/varzonelp/Android/Sdk/ndk/26.3.11579264/toolchains/llvm/prebuilt/linux-x86_64/bin/ld.lld" --sysroot=/home/varzonelp/Android/Sdk/ndk/26.3.11579264/toolchains/llvm/prebuilt/linux-x86_64/sysroot -pie -z now -z relro --hash-style=both --eh-frame-hdr -m elf_x86_64 -dynamic-linker /system/bin/linker64 -o cmTC_c2f53 /home/varzonelp/Android/Sdk/ndk/26.3.11579264/toolchains/llvm/prebuilt/linux-x86_64/sysroot/usr/lib/x86_64-linux-android/21/crtbegin_dynamic.o -L/home/varzonelp/Android/Sdk/ndk/26.3.11579264/toolchains/llvm/prebuilt/linux-x86_64/lib/clang/17/lib/linux/x86_64 -L/home/varzonelp/Android/Sdk/ndk/26.3.11579264/toolchains/llvm/prebuilt/linux-x86_64/sysroot/usr/lib/x86_64-linux-android/21 -L/home/varzonelp/Android/Sdk/ndk/26.3.11579264/toolchains/llvm/prebuilt/linux-x86_64/sysroot/usr/lib/x86_64-linux-android -L/home/varzonelp/Android/Sdk/ndk/26.3.11579264/toolchains/llvm/prebuilt/linux-x86_64/sysroot/usr/lib --build-id=sha1 --no-rosegment --no-undefined-version --fatal-warnings --no-undefined CMakeFiles/cmTC_c2f53.dir/CMakeCXXCompilerABI.cpp.o -lc++ -lm /home/varzonelp/Android/Sdk/ndk/26.3.11579264/toolchains/llvm/prebuilt/linux-x86_64/lib/clang/17/lib/linux/libclang_rt.builtins-x86_64-android.a -l:libunwind.a -ldl -lc /home/varzonelp/Android/Sdk/ndk/26.3.11579264/toolchains/llvm/prebuilt/linux-x86_64/lib/clang/17/lib/linux/libclang_rt.builtins-x86_64-android.a -l:libunwind.a -ldl /home/varzonelp/Android/Sdk/ndk/26.3.11579264/toolchains/llvm/prebuilt/linux-x86_64/sysroot/usr/lib/x86_64-linux-android/21/crtend_android.o



Parsed CXX implicit include dir info from above output: rv=done
  found start of include info
  found start of implicit include info
    add: [/home/varzonelp/Android/Sdk/ndk/26.3.11579264/toolchains/llvm/prebuilt/linux-x86_64/sysroot/usr/include/c++/v1]
    add: [/home/varzonelp/Android/Sdk/ndk/26.3.11579264/toolchains/llvm/prebuilt/linux-x86_64/lib/clang/17/include]
    add: [/home/varzonelp/Android/Sdk/ndk/26.3.11579264/toolchains/llvm/prebuilt/linux-x86_64/sysroot/usr/include/x86_64-linux-android]
    add: [/home/varzonelp/Android/Sdk/ndk/26.3.11579264/toolchains/llvm/prebuilt/linux-x86_64/sysroot/usr/include]
  end of search list found
  collapse include dir [/home/varzonelp/Android/Sdk/ndk/26.3.11579264/toolchains/llvm/prebuilt/linux-x86_64/sysroot/usr/include/c++/v1] ==> [/home/varzonelp/Android/Sdk/ndk/26.3.11579264/toolchains/llvm/prebuilt/linux-x86_64/sysroot/usr/include/c++/v1]
  collapse include dir [/home/varzonelp/Android/Sdk/ndk/26.3.11579264/toolchains/llvm/prebuilt/linux-x86_64/lib/clang/17/include] ==> [/home/varzonelp/Android/Sdk/ndk/26.3.11579264/toolchains/llvm/prebuilt/linux-x86_64/lib/clang/17/include]
  collapse include dir [/home/varzonelp/Android/Sdk/ndk/26.3.11579264/toolchains/llvm/prebuilt/linux-x86_64/sysroot/usr/include/x86_64-linux-android] ==> [/home/varzonelp/Android/Sdk/ndk/26.3.11579264/toolchains/llvm/prebuilt/linux-x86_64/sysroot/usr/include/x86_64-linux-android]
  collapse include dir [/home/varzonelp/Android/Sdk/ndk/26.3.11579264/toolchains/llvm/prebuilt/linux-x86_64/sysroot/usr/include] ==> [/home/varzonelp/Android/Sdk/ndk/26.3.11579264/toolchains/llvm/prebuilt/linux-x86_64/sysroot/usr/include]
  implicit include dirs: [/home/varzonelp/Android/Sdk/ndk/26.3.11579264/toolchains/llvm/prebuilt/linux-x86_64/sysroot/usr/include/c++/v1;/home/varzonelp/Android/Sdk/ndk/26.3.11579264/toolchains/llvm/prebuilt/linux-x86_64/lib/clang/17/include;/home/varzonelp/Android/Sdk/ndk/26.3.11579264/toolchains/llvm/prebuilt/linux-x86_64/sysroot/usr/include/x86_64-linux-android;/home/varzonelp/Android/Sdk/ndk/26.3.11579264/toolchains/llvm/prebuilt/linux-x86_64/sysroot/usr/include]


Parsed CXX implicit link information from above output:
  link line regex: [^( *|.*[/\])(ld\.lld|CMAKE_LINK_STARTFILE-NOTFOUND|([^/\]+-)?ld|collect2)[^/\]*( |$)]
  ignore line: [Change Dir: /home/varzonelp/PROYECTOS/GDSRC/gd-web-decompiled/android/app/.cxx/Debug/k5041461/x86_64/CMakeFiles/CMakeTmp]
  ignore line: []
  ignore line: [Run Build Command(s):/home/varzonelp/Android/Sdk/cmake/3.22.1/bin/ninja cmTC_c2f53 && [1/2] Building CXX object CMakeFiles/cmTC_c2f53.dir/CMakeCXXCompilerABI.cpp.o]
  ignore line: [Android (11349228  +pgo  +bolt  +lto  -mlgo  based on r487747e) clang version 17.0.2 (https://android.googlesource.com/toolchain/llvm-project d9f89f4d16663d5012e5c09495f3b30ece3d2362)]
  ignore line: [Target: x86_64-none-linux-android21]
  ignore line: [Thread model: posix]
  ignore line: [InstalledDir: /home/varzonelp/Android/Sdk/ndk/26.3.11579264/toolchains/llvm/prebuilt/linux-x86_64/bin]
  ignore line: [ (in-process)]
  ignore line: [ "/home/varzonelp/Android/Sdk/ndk/26.3.11579264/toolchains/llvm/prebuilt/linux-x86_64/bin/clang++" -cc1 -triple x86_64-none-linux-android21 -emit-obj -mrelax-all -disable-free -clear-ast-before-backend -disable-llvm-verifier -discard-value-names -main-file-name CMakeCXXCompilerABI.cpp -mrelocation-model pic -pic-level 2 -pic-is-pie -mframe-pointer=all -ffp-contract=on -fno-rounding-math -mconstructor-aliases -funwind-tables=2 -target-cpu x86-64 -target-feature +sse4.2 -target-feature +popcnt -target-feature +cx16 -tune-cpu generic -mllvm -treat-scalable-fixed-error-as-warning -debug-info-kind=constructor -dwarf-version=4 -debugger-tuning=gdb -v -ffunction-sections -fdata-sections -fcoverage-compilation-dir=/home/varzonelp/PROYECTOS/GDSRC/gd-web-decompiled/android/app/.cxx/Debug/k5041461/x86_64/CMakeFiles/CMakeTmp -resource-dir /home/varzonelp/Android/Sdk/ndk/26.3.11579264/toolchains/llvm/prebuilt/linux-x86_64/lib/clang/17 -dependency-file CMakeFiles/cmTC_c2f53.dir/CMakeCXXCompilerABI.cpp.o.d -MT CMakeFiles/cmTC_c2f53.dir/CMakeCXXCompilerABI.cpp.o -sys-header-deps -D ANDROID -D _FORTIFY_SOURCE=2 -isysroot /home/varzonelp/Android/Sdk/ndk/26.3.11579264/toolchains/llvm/prebuilt/linux-x86_64/sysroot -internal-isystem /home/varzonelp/Android/Sdk/ndk/26.3.11579264/toolchains/llvm/prebuilt/linux-x86_64/sysroot/usr/include/c++/v1 -internal-isystem /home/varzonelp/Android/Sdk/ndk/26.3.11579264/toolchains/llvm/prebuilt/linux-x86_64/lib/clang/17/include -internal-isystem /home/varzonelp/Android/Sdk/ndk/26.3.11579264/toolchains/llvm/prebuilt/linux-x86_64/sysroot/usr/local/include -internal-externc-isystem /home/varzonelp/Android/Sdk/ndk/26.3.11579264/toolchains/llvm/prebuilt/linux-x86_64/sysroot/usr/include/x86_64-linux-android -internal-externc-isystem /home/varzonelp/Android/Sdk/ndk/26.3.11579264/toolchains/llvm/prebuilt/linux-x86_64/sysroot/include -internal-externc-isystem /home/varzonelp/Android/Sdk/ndk/26.3.11579264/toolchains/llvm/prebuilt/linux-x86_64/sysroot/usr/include -Wformat -fdeprecated-macro -fdebug-compilation-dir=/home/varzonelp/PROYECTOS/GDSRC/gd-web-decompiled/android/app/.cxx/Debug/k5041461/x86_64/CMakeFiles/CMakeTmp -ferror-limit 19 -stack-protector 2 -fgnuc-version=4.2.1 -fcxx-exceptions -fexceptions -D__GCC_HAVE_DWARF2_CFI_ASM=1 -o CMakeFiles/cmTC_c2f53.dir/CMakeCXXCompilerABI.cpp.o -x c++ /home/varzonelp/Android/Sdk/cmake/3.22.1/share/cmake-3.22/Modules/CMakeCXXCompilerABI.cpp]
  ignore line: [clang -cc1 version 17.0.2 based upon LLVM 17.0.2 default target x86_64-unknown-linux-gnu]
  ignore line: [ignoring nonexistent directory "/home/varzonelp/Android/Sdk/ndk/26.3.11579264/toolchains/llvm/prebuilt/linux-x86_64/sysroot/usr/local/include"]
  ignore line: [ignoring nonexistent directory "/home/varzonelp/Android/Sdk/ndk/26.3.11579264/toolchains/llvm/prebuilt/linux-x86_64/sysroot/include"]
  ignore line: [#include "..." search starts here:]
  ignore line: [#include <...> search starts here:]
  ignore line: [ /home/varzonelp/Android/Sdk/ndk/26.3.11579264/toolchains/llvm/prebuilt/linux-x86_64/sysroot/usr/include/c++/v1]
  ignore line: [ /home/varzonelp/Android/Sdk/ndk/26.3.11579264/toolchains/llvm/prebuilt/linux-x86_64/lib/clang/17/include]
  ignore line: [ /home/varzonelp/Android/Sdk/ndk/26.3.11579264/toolchains/llvm/prebuilt/linux-x86_64/sysroot/usr/include/x86_64-linux-android]
  ignore line: [ /home/varzonelp/Android/Sdk/ndk/26.3.11579264/toolchains/llvm/prebuilt/linux-x86_64/sysroot/usr/include]
  ignore line: [End of search list.]
  ignore line: [[2/2] Linking CXX executable cmTC_c2f53]
  ignore line: [Android (11349228  +pgo  +bolt  +lto  -mlgo  based on r487747e) clang version 17.0.2 (https://android.googlesource.com/toolchain/llvm-project d9f89f4d16663d5012e5c09495f3b30ece3d2362)]
  ignore line: [Target: x86_64-none-linux-android21]
  ignore line: [Thread model: posix]
  ignore line: [InstalledDir: /home/varzonelp/Android/Sdk/ndk/26.3.11579264/toolchains/llvm/prebuilt/linux-x86_64/bin]
  link line: [ "/home/varzonelp/Android/Sdk/ndk/26.3.11579264/toolchains/llvm/prebuilt/linux-x86_64/bin/ld.lld" --sysroot=/home/varzonelp/Android/Sdk/ndk/26.3.11579264/toolchains/llvm/prebuilt/linux-x86_64/sysroot -pie -z now -z relro --hash-style=both --eh-frame-hdr -m elf_x86_64 -dynamic-linker /system/bin/linker64 -o cmTC_c2f53 /home/varzonelp/Android/Sdk/ndk/26.3.11579264/toolchains/llvm/prebuilt/linux-x86_64/sysroot/usr/lib/x86_64-linux-android/21/crtbegin_dynamic.o -L/home/varzonelp/Android/Sdk/ndk/26.3.11579264/toolchains/llvm/prebuilt/linux-x86_64/lib/clang/17/lib/linux/x86_64 -L/home/varzonelp/Android/Sdk/ndk/26.3.11579264/toolchains/llvm/prebuilt/linux-x86_64/sysroot/usr/lib/x86_64-linux-android/21 -L/home/varzonelp/Android/Sdk/ndk/26.3.11579264/toolchains/llvm/prebuilt/linux-x86_64/sysroot/usr/lib/x86_64-linux-android -L/home/varzonelp/Android/Sdk/ndk/26.3.11579264/toolchains/llvm/prebuilt/linux-x86_64/sysroot/usr/lib --build-id=sha1 --no-rosegment --no-undefined-version --fatal-warnings --no-undefined CMakeFiles/cmTC_c2f53.dir/CMakeCXXCompilerABI.cpp.o -lc++ -lm /home/varzonelp/Android/Sdk/ndk/26.3.11579264/toolchains/llvm/prebuilt/linux-x86_64/lib/clang/17/lib/linux/libclang_rt.builtins-x86_64-android.a -l:libunwind.a -ldl -lc /home/varzonelp/Android/Sdk/ndk/26.3.11579264/toolchains/llvm/prebuilt/linux-x86_64/lib/clang/17/lib/linux/libclang_rt.builtins-x86_64-android.a -l:libunwind.a -ldl /home/varzonelp/Android/Sdk/ndk/26.3.11579264/toolchains/llvm/prebuilt/linux-x86_64/sysroot/usr/lib/x86_64-linux-android/21/crtend_android.o]
    arg [/home/varzonelp/Android/Sdk/ndk/26.3.11579264/toolchains/llvm/prebuilt/linux-x86_64/bin/ld.lld] ==> ignore
    arg [--sysroot=/home/varzonelp/Android/Sdk/ndk/26.3.11579264/toolchains/llvm/prebuilt/linux-x86_64/sysroot] ==> ignore
    arg [-pie] ==> ignore
    arg [-znow] ==> ignore
    arg [-zrelro] ==> ignore
    arg [--hash-style=both] ==> ignore
    arg [--eh-frame-hdr] ==> ignore
    arg [-m] ==> ignore
    arg [elf_x86_64] ==> ignore
    arg [-dynamic-linker] ==> ignore
    arg [/system/bin/linker64] ==> ignore
    arg [-o] ==> ignore
    arg [cmTC_c2f53] ==> ignore
    arg [/home/varzonelp/Android/Sdk/ndk/26.3.11579264/toolchains/llvm/prebuilt/linux-x86_64/sysroot/usr/lib/x86_64-linux-android/21/crtbegin_dynamic.o] ==> obj [/home/varzonelp/Android/Sdk/ndk/26.3.11579264/toolchains/llvm/prebuilt/linux-x86_64/sysroot/usr/lib/x86_64-linux-android/21/crtbegin_dynamic.o]
    arg [-L/home/varzonelp/Android/Sdk/ndk/26.3.11579264/toolchains/llvm/prebuilt/linux-x86_64/lib/clang/17/lib/linux/x86_64] ==> dir [/home/varzonelp/Android/Sdk/ndk/26.3.11579264/toolchains/llvm/prebuilt/linux-x86_64/lib/clang/17/lib/linux/x86_64]
    arg [-L/home/varzonelp/Android/Sdk/ndk/26.3.11579264/toolchains/llvm/prebuilt/linux-x86_64/sysroot/usr/lib/x86_64-linux-android/21] ==> dir [/home/varzonelp/Android/Sdk/ndk/26.3.11579264/toolchains/llvm/prebuilt/linux-x86_64/sysroot/usr/lib/x86_64-linux-android/21]
    arg [-L/home/varzonelp/Android/Sdk/ndk/26.3.11579264/toolchains/llvm/prebuilt/linux-x86_64/sysroot/usr/lib/x86_64-linux-android] ==> dir [/home/varzonelp/Android/Sdk/ndk/26.3.11579264/toolchains/llvm/prebuilt/linux-x86_64/sysroot/usr/lib/x86_64-linux-android]
    arg [-L/home/varzonelp/Android/Sdk/ndk/26.3.11579264/toolchains/llvm/prebuilt/linux-x86_64/sysroot/usr/lib] ==> dir [/home/varzonelp/Android/Sdk/ndk/26.3.11579264/toolchains/llvm/prebuilt/linux-x86_64/sysroot/usr/lib]
    arg [--build-id=sha1] ==> ignore
    arg [--no-rosegment] ==> ignore
    arg [--no-undefined-version] ==> ignore
    arg [--fatal-warnings] ==> ignore
    arg [--no-undefined] ==> ignore
    arg [CMakeFiles/cmTC_c2f53.dir/CMakeCXXCompilerABI.cpp.o] ==> ignore
    arg [-lc++] ==> lib [c++]
    arg [-lm] ==> lib [m]
    arg [/home/varzonelp/Android/Sdk/ndk/26.3.11579264/toolchains/llvm/prebuilt/linux-x86_64/lib/clang/17/lib/linux/libclang_rt.builtins-x86_64-android.a] ==> lib [/home/varzonelp/Android/Sdk/ndk/26.3.11579264/toolchains/llvm/prebuilt/linux-x86_64/lib/clang/17/lib/linux/libclang_rt.builtins-x86_64-android.a]
    arg [-l:libunwind.a] ==> lib [-l:libunwind.a]
    arg [-ldl] ==> lib [dl]
    arg [-lc] ==> lib [c]
    arg [/home/varzonelp/Android/Sdk/ndk/26.3.11579264/toolchains/llvm/prebuilt/linux-x86_64/lib/clang/17/lib/linux/libclang_rt.builtins-x86_64-android.a] ==> lib [/home/varzonelp/Android/Sdk/ndk/26.3.11579264/toolchains/llvm/prebuilt/linux-x86_64/lib/clang/17/lib/linux/libclang_rt.builtins-x86_64-android.a]
    arg [-l:libunwind.a] ==> lib [-l:libunwind.a]
    arg [-ldl] ==> lib [dl]
    arg [/home/varzonelp/Android/Sdk/ndk/26.3.11579264/toolchains/llvm/prebuilt/linux-x86_64/sysroot/usr/lib/x86_64-linux-android/21/crtend_android.o] ==> obj [/home/varzonelp/Android/Sdk/ndk/26.3.11579264/toolchains/llvm/prebuilt/linux-x86_64/sysroot/usr/lib/x86_64-linux-android/21/crtend_android.o]
  remove lib [/home/varzonelp/Android/Sdk/ndk/26.3.11579264/toolchains/llvm/prebuilt/linux-x86_64/lib/clang/17/lib/linux/libclang_rt.builtins-x86_64-android.a]
  remove lib [/home/varzonelp/Android/Sdk/ndk/26.3.11579264/toolchains/llvm/prebuilt/linux-x86_64/lib/clang/17/lib/linux/libclang_rt.builtins-x86_64-android.a]
  collapse library dir [/home/varzonelp/Android/Sdk/ndk/26.3.11579264/toolchains/llvm/prebuilt/linux-x86_64/lib/clang/17/lib/linux/x86_64] ==> [/home/varzonelp/Android/Sdk/ndk/26.3.11579264/toolchains/llvm/prebuilt/linux-x86_64/lib/clang/17/lib/linux/x86_64]
  collapse library dir [/home/varzonelp/Android/Sdk/ndk/26.3.11579264/toolchains/llvm/prebuilt/linux-x86_64/sysroot/usr/lib/x86_64-linux-android/21] ==> [/home/varzonelp/Android/Sdk/ndk/26.3.11579264/toolchains/llvm/prebuilt/linux-x86_64/sysroot/usr/lib/x86_64-linux-android/21]
  collapse library dir [/home/varzonelp/Android/Sdk/ndk/26.3.11579264/toolchains/llvm/prebuilt/linux-x86_64/sysroot/usr/lib/x86_64-linux-android] ==> [/home/varzonelp/Android/Sdk/ndk/26.3.11579264/toolchains/llvm/prebuilt/linux-x86_64/sysroot/usr/lib/x86_64-linux-android]
  collapse library dir [/home/varzonelp/Android/Sdk/ndk/26.3.11579264/toolchains/llvm/prebuilt/linux-x86_64/sysroot/usr/lib] ==> [/home/varzonelp/Android/Sdk/ndk/26.3.11579264/toolchains/llvm/prebuilt/linux-x86_64/sysroot/usr/lib]
  implicit libs: [c++;m;-l:libunwind.a;dl;c;-l:libunwind.a;dl]
  implicit objs: [/home/varzonelp/Android/Sdk/ndk/26.3.11579264/toolchains/llvm/prebuilt/linux-x86_64/sysroot/usr/lib/x86_64-linux-android/21/crtbegin_dynamic.o;/home/varzonelp/Android/Sdk/ndk/26.3.11579264/toolchains/llvm/prebuilt/linux-x86_64/sysroot/usr/lib/x86_64-linux-android/21/crtend_android.o]
  implicit dirs: [/home/varzonelp/Android/Sdk/ndk/26.3.11579264/toolchains/llvm/prebuilt/linux-x86_64/lib/clang/17/lib/linux/x86_64;/home/varzonelp/Android/Sdk/ndk/26.3.11579264/toolchains/llvm/prebuilt/linux-x86_64/sysroot/usr/lib/x86_64-linux-android/21;/home/varzonelp/Android/Sdk/ndk/26.3.11579264/toolchains/llvm/prebuilt/linux-x86_64/sysroot/usr/lib/x86_64-linux-android;/home/varzonelp/Android/Sdk/ndk/26.3.11579264/toolchains/llvm/prebuilt/linux-x86_64/sysroot/usr/lib]
  implicit fwks: []


Performing C SOURCE FILE Test CHECK_CPU_ARCHITECTURE_X64 succeeded with the following output:
Change Dir: /home/varzonelp/PROYECTOS/GDSRC/gd-web-decompiled/android/app/.cxx/Debug/k5041461/x86_64/CMakeFiles/CMakeTmp

Run Build Command(s):/home/varzonelp/Android/Sdk/cmake/3.22.1/bin/ninja cmTC_07d17 && [1/2] Building C object CMakeFiles/cmTC_07d17.dir/src.c.o
[2/2] Linking C executable cmTC_07d17


Source file was:

int main(int argc, char *argv[]) {
#if defined(__amd64__) || defined(__amd64) || defined(__x86_64__) || defined(__x86_64) || defined(_M_X64) || defined(_M_AMD64)
  return 0;
#else
  choke
#endif
}

Performing C SOURCE FILE Test HAVE_GCC_WALL succeeded with the following output:
Change Dir: /home/varzonelp/PROYECTOS/GDSRC/gd-web-decompiled/android/app/.cxx/Debug/k5041461/x86_64/CMakeFiles/CMakeTmp

Run Build Command(s):/home/varzonelp/Android/Sdk/cmake/3.22.1/bin/ninja cmTC_abc92 && [1/2] Building C object CMakeFiles/cmTC_abc92.dir/src.c.o
[2/2] Linking C executable cmTC_abc92


Source file was:
int main(void) { return 0; }
Performing C SOURCE FILE Test HAVE_GCC_WUNDEF succeeded with the following output:
Change Dir: /home/varzonelp/PROYECTOS/GDSRC/gd-web-decompiled/android/app/.cxx/Debug/k5041461/x86_64/CMakeFiles/CMakeTmp

Run Build Command(s):/home/varzonelp/Android/Sdk/cmake/3.22.1/bin/ninja cmTC_533aa && [1/2] Building C object CMakeFiles/cmTC_533aa.dir/src.c.o
[2/2] Linking C executable cmTC_533aa


Source file was:
int main(void) { return 0; }
Performing C SOURCE FILE Test HAVE_GCC_NO_STRICT_ALIASING succeeded with the following output:
Change Dir: /home/varzonelp/PROYECTOS/GDSRC/gd-web-decompiled/android/app/.cxx/Debug/k5041461/x86_64/CMakeFiles/CMakeTmp

Run Build Command(s):/home/varzonelp/Android/Sdk/cmake/3.22.1/bin/ninja cmTC_63455 && [1/2] Building C object CMakeFiles/cmTC_63455.dir/src.c.o
[2/2] Linking C executable cmTC_63455


Source file was:
int main(void) { return 0; }
Performing C SOURCE FILE Test HAVE_GCC_WDOCUMENTATION succeeded with the following output:
Change Dir: /home/varzonelp/PROYECTOS/GDSRC/gd-web-decompiled/android/app/.cxx/Debug/k5041461/x86_64/CMakeFiles/CMakeTmp

Run Build Command(s):/home/varzonelp/Android/Sdk/cmake/3.22.1/bin/ninja cmTC_3cc65 && [1/2] Building C object CMakeFiles/cmTC_3cc65.dir/src.c.o
[2/2] Linking C executable cmTC_3cc65


Source file was:
int main(void) { return 0; }
Performing C SOURCE FILE Test HAVE_GCC_WDOCUMENTATION_UNKNOWN_COMMAND succeeded with the following output:
Change Dir: /home/varzonelp/PROYECTOS/GDSRC/gd-web-decompiled/android/app/.cxx/Debug/k5041461/x86_64/CMakeFiles/CMakeTmp

Run Build Command(s):/home/varzonelp/Android/Sdk/cmake/3.22.1/bin/ninja cmTC_d5240 && [1/2] Building C object CMakeFiles/cmTC_d5240.dir/src.c.o
[2/2] Linking C executable cmTC_d5240


Source file was:
int main(void) { return 0; }
Performing C SOURCE FILE Test HAVE_GCC_COMMENT_BLOCK_COMMANDS succeeded with the following output:
Change Dir: /home/varzonelp/PROYECTOS/GDSRC/gd-web-decompiled/android/app/.cxx/Debug/k5041461/x86_64/CMakeFiles/CMakeTmp

Run Build Command(s):/home/varzonelp/Android/Sdk/cmake/3.22.1/bin/ninja cmTC_93395 && [1/2] Building C object CMakeFiles/cmTC_93395.dir/src.c.o
[2/2] Linking C executable cmTC_93395


Source file was:
int main(void) { return 0; }
Performing C SOURCE FILE Test HAVE_GCC_WDECLARATION_AFTER_STATEMENT succeeded with the following output:
Change Dir: /home/varzonelp/PROYECTOS/GDSRC/gd-web-decompiled/android/app/.cxx/Debug/k5041461/x86_64/CMakeFiles/CMakeTmp

Run Build Command(s):/home/varzonelp/Android/Sdk/cmake/3.22.1/bin/ninja cmTC_c2c76 && [1/2] Building C object CMakeFiles/cmTC_c2c76.dir/src.c.o
[2/2] Linking C executable cmTC_c2c76


Source file was:
int main(void) { return 0; }
Performing C SOURCE FILE Test HAVE_GCC_ATOMICS succeeded with the following output:
Change Dir: /home/varzonelp/PROYECTOS/GDSRC/gd-web-decompiled/android/app/.cxx/Debug/k5041461/x86_64/CMakeFiles/CMakeTmp

Run Build Command(s):/home/varzonelp/Android/Sdk/cmake/3.22.1/bin/ninja cmTC_9402d && [1/2] Building C object CMakeFiles/cmTC_9402d.dir/src.c.o
[2/2] Linking C executable cmTC_9402d


Source file was:
int main(int argc, char **argv) {
        int a;
        void *x, *y, *z;
        __sync_lock_test_and_set(&a, 4);
        __sync_lock_test_and_set(&x, y);
        __sync_fetch_and_add(&a, 1);
        __sync_bool_compare_and_swap(&a, 5, 10);
        __sync_bool_compare_and_swap(&x, y, z);
        return 0; }
Performing C SOURCE FILE Test HAVE_GCC_FVISIBILITY succeeded with the following output:
Change Dir: /home/varzonelp/PROYECTOS/GDSRC/gd-web-decompiled/android/app/.cxx/Debug/k5041461/x86_64/CMakeFiles/CMakeTmp

Run Build Command(s):/home/varzonelp/Android/Sdk/cmake/3.22.1/bin/ninja cmTC_8c2dd && [1/2] Building C object CMakeFiles/cmTC_8c2dd.dir/src.c.o
[2/2] Linking C executable cmTC_8c2dd


Source file was:

      #if !defined(__GNUC__) || __GNUC__ < 4
      #error SDL only uses visibility attributes in GCC 4 or newer
      #endif
      int main(int argc, char **argv) { return 0; }
Performing C SOURCE FILE Test HAVE_GCC_WSHADOW succeeded with the following output:
Change Dir: /home/varzonelp/PROYECTOS/GDSRC/gd-web-decompiled/android/app/.cxx/Debug/k5041461/x86_64/CMakeFiles/CMakeTmp

Run Build Command(s):/home/varzonelp/Android/Sdk/cmake/3.22.1/bin/ninja cmTC_82f52 && [1/2] Building C object CMakeFiles/cmTC_82f52.dir/src.c.o
[2/2] Linking C executable cmTC_82f52


Source file was:
int main(void) { return 0; }
Performing C SOURCE FILE Test HAVE_GCC_WUNUSED_LOCAL_TYPEDEFS succeeded with the following output:
Change Dir: /home/varzonelp/PROYECTOS/GDSRC/gd-web-decompiled/android/app/.cxx/Debug/k5041461/x86_64/CMakeFiles/CMakeTmp

Run Build Command(s):/home/varzonelp/Android/Sdk/cmake/3.22.1/bin/ninja cmTC_c6740 && [1/2] Building C object CMakeFiles/cmTC_c6740.dir/src.c.o
[2/2] Linking C executable cmTC_c6740


Source file was:
int main(void) { return 0; }
Performing C SOURCE FILE Test HAVE_NO_UNDEFINED succeeded with the following output:
Change Dir: /home/varzonelp/PROYECTOS/GDSRC/gd-web-decompiled/android/app/.cxx/Debug/k5041461/x86_64/CMakeFiles/CMakeTmp

Run Build Command(s):/home/varzonelp/Android/Sdk/cmake/3.22.1/bin/ninja cmTC_8923d && [1/2] Building C object CMakeFiles/cmTC_8923d.dir/src.c.o
clang: warning: -Wl,--no-undefined: 'linker' input unused [-Wunused-command-line-argument]
[2/2] Linking C executable cmTC_8923d


Source file was:
int main(void) { return 0; }
Performing C SOURCE FILE Test HAVE_MMX succeeded with the following output:
Change Dir: /home/varzonelp/PROYECTOS/GDSRC/gd-web-decompiled/android/app/.cxx/Debug/k5041461/x86_64/CMakeFiles/CMakeTmp

Run Build Command(s):/home/varzonelp/Android/Sdk/cmake/3.22.1/bin/ninja cmTC_98038 && [1/2] Building C object CMakeFiles/cmTC_98038.dir/src.c.o
[2/2] Linking C executable cmTC_98038


Source file was:

          #ifdef __MINGW32__
          #include <_mingw.h>
          #ifdef __MINGW64_VERSION_MAJOR
          #include <intrin.h>
          #else
          #include <mmintrin.h>
          #endif
          #else
          #include <mmintrin.h>
          #endif
          #ifndef __MMX__
          #error Assembler CPP flag not enabled
          #endif
          int main(int argc, char **argv) { return 0; }
Performing C SOURCE FILE Test HAVE_3DNOW succeeded with the following output:
Change Dir: /home/varzonelp/PROYECTOS/GDSRC/gd-web-decompiled/android/app/.cxx/Debug/k5041461/x86_64/CMakeFiles/CMakeTmp

Run Build Command(s):/home/varzonelp/Android/Sdk/cmake/3.22.1/bin/ninja cmTC_c92ef && [1/2] Building C object CMakeFiles/cmTC_c92ef.dir/src.c.o
[2/2] Linking C executable cmTC_c92ef


Source file was:

          #include <mm3dnow.h>
          #ifndef __3dNOW__
          #error Assembler CPP flag not enabled
          #endif
          int main(int argc, char **argv) {
            void *p = 0;
            _m_prefetch(p);
            return 0;
          }
Performing C SOURCE FILE Test HAVE_SSE succeeded with the following output:
Change Dir: /home/varzonelp/PROYECTOS/GDSRC/gd-web-decompiled/android/app/.cxx/Debug/k5041461/x86_64/CMakeFiles/CMakeTmp

Run Build Command(s):/home/varzonelp/Android/Sdk/cmake/3.22.1/bin/ninja cmTC_1a35c && [1/2] Building C object CMakeFiles/cmTC_1a35c.dir/src.c.o
[2/2] Linking C executable cmTC_1a35c


Source file was:

          #ifdef __MINGW32__
          #include <_mingw.h>
          #ifdef __MINGW64_VERSION_MAJOR
          #include <intrin.h>
          #else
          #include <xmmintrin.h>
          #endif
          #else
          #include <xmmintrin.h>
          #endif
          #ifndef __SSE__
          #error Assembler CPP flag not enabled
          #endif
          int main(int argc, char **argv) { return 0; }
Performing C SOURCE FILE Test CPU_SUPPORTS_SSE2 succeeded with the following output:
Change Dir: /home/varzonelp/PROYECTOS/GDSRC/gd-web-decompiled/android/app/.cxx/Debug/k5041461/x86_64/CMakeFiles/CMakeTmp

Run Build Command(s):/home/varzonelp/Android/Sdk/cmake/3.22.1/bin/ninja cmTC_a61e1 && [1/2] Building C object CMakeFiles/cmTC_a61e1.dir/src.c.o
[2/2] Linking C executable cmTC_a61e1


Source file was:

          #ifdef __MINGW32__
          #include <_mingw.h>
          #ifdef __MINGW64_VERSION_MAJOR
          #include <intrin.h>
          #else
          #include <emmintrin.h>
          #endif
          #else
          #include <emmintrin.h>
          #endif
          #ifndef __SSE2__
          #error Assembler CPP flag not enabled
          #endif
          int main(int argc, char **argv) { return 0; }
Performing C SOURCE FILE Test CPU_SUPPORTS_SSE3 succeeded with the following output:
Change Dir: /home/varzonelp/PROYECTOS/GDSRC/gd-web-decompiled/android/app/.cxx/Debug/k5041461/x86_64/CMakeFiles/CMakeTmp

Run Build Command(s):/home/varzonelp/Android/Sdk/cmake/3.22.1/bin/ninja cmTC_606dc && [1/2] Building C object CMakeFiles/cmTC_606dc.dir/src.c.o
[2/2] Linking C executable cmTC_606dc


Source file was:

          #ifdef __MINGW32__
          #include <_mingw.h>
          #ifdef __MINGW64_VERSION_MAJOR
          #include <intrin.h>
          #else
          #include <pmmintrin.h>
          #endif
          #else
          #include <pmmintrin.h>
          #endif
          #ifndef __SSE3__
          #error Assembler CPP flag not enabled
          #endif
          int main(int argc, char **argv) { return 0; }
Determining if the include file immintrin.h exists passed with the following output:
Change Dir: /home/varzonelp/PROYECTOS/GDSRC/gd-web-decompiled/android/app/.cxx/Debug/k5041461/x86_64/CMakeFiles/CMakeTmp

Run Build Command(s):/home/varzonelp/Android/Sdk/cmake/3.22.1/bin/ninja cmTC_cbf98 && [1/2] Building C object CMakeFiles/cmTC_cbf98.dir/CheckIncludeFile.c.o
[2/2] Linking C executable cmTC_cbf98



Determining if the include file ctype.h exists passed with the following output:
Change Dir: /home/varzonelp/PROYECTOS/GDSRC/gd-web-decompiled/android/app/.cxx/Debug/k5041461/x86_64/CMakeFiles/CMakeTmp

Run Build Command(s):/home/varzonelp/Android/Sdk/cmake/3.22.1/bin/ninja cmTC_985b4 && [1/2] Building C object CMakeFiles/cmTC_985b4.dir/CheckIncludeFile.c.o
[2/2] Linking C executable cmTC_985b4



Determining if the include file float.h exists passed with the following output:
Change Dir: /home/varzonelp/PROYECTOS/GDSRC/gd-web-decompiled/android/app/.cxx/Debug/k5041461/x86_64/CMakeFiles/CMakeTmp

Run Build Command(s):/home/varzonelp/Android/Sdk/cmake/3.22.1/bin/ninja cmTC_900f8 && [1/2] Building C object CMakeFiles/cmTC_900f8.dir/CheckIncludeFile.c.o
[2/2] Linking C executable cmTC_900f8



Determining if the include file iconv.h exists passed with the following output:
Change Dir: /home/varzonelp/PROYECTOS/GDSRC/gd-web-decompiled/android/app/.cxx/Debug/k5041461/x86_64/CMakeFiles/CMakeTmp

Run Build Command(s):/home/varzonelp/Android/Sdk/cmake/3.22.1/bin/ninja cmTC_9bd72 && [1/2] Building C object CMakeFiles/cmTC_9bd72.dir/CheckIncludeFile.c.o
[2/2] Linking C executable cmTC_9bd72



Determining if the include file inttypes.h exists passed with the following output:
Change Dir: /home/varzonelp/PROYECTOS/GDSRC/gd-web-decompiled/android/app/.cxx/Debug/k5041461/x86_64/CMakeFiles/CMakeTmp

Run Build Command(s):/home/varzonelp/Android/Sdk/cmake/3.22.1/bin/ninja cmTC_62596 && [1/2] Building C object CMakeFiles/cmTC_62596.dir/CheckIncludeFile.c.o
[2/2] Linking C executable cmTC_62596



Determining if the include file limits.h exists passed with the following output:
Change Dir: /home/varzonelp/PROYECTOS/GDSRC/gd-web-decompiled/android/app/.cxx/Debug/k5041461/x86_64/CMakeFiles/CMakeTmp

Run Build Command(s):/home/varzonelp/Android/Sdk/cmake/3.22.1/bin/ninja cmTC_f87d1 && [1/2] Building C object CMakeFiles/cmTC_f87d1.dir/CheckIncludeFile.c.o
[2/2] Linking C executable cmTC_f87d1



Determining if the include file malloc.h exists passed with the following output:
Change Dir: /home/varzonelp/PROYECTOS/GDSRC/gd-web-decompiled/android/app/.cxx/Debug/k5041461/x86_64/CMakeFiles/CMakeTmp

Run Build Command(s):/home/varzonelp/Android/Sdk/cmake/3.22.1/bin/ninja cmTC_65b15 && [1/2] Building C object CMakeFiles/cmTC_65b15.dir/CheckIncludeFile.c.o
[2/2] Linking C executable cmTC_65b15



Determining if the include file math.h exists passed with the following output:
Change Dir: /home/varzonelp/PROYECTOS/GDSRC/gd-web-decompiled/android/app/.cxx/Debug/k5041461/x86_64/CMakeFiles/CMakeTmp

Run Build Command(s):/home/varzonelp/Android/Sdk/cmake/3.22.1/bin/ninja cmTC_4460a && [1/2] Building C object CMakeFiles/cmTC_4460a.dir/CheckIncludeFile.c.o
[2/2] Linking C executable cmTC_4460a



Determining if the include file memory.h exists passed with the following output:
Change Dir: /home/varzonelp/PROYECTOS/GDSRC/gd-web-decompiled/android/app/.cxx/Debug/k5041461/x86_64/CMakeFiles/CMakeTmp

Run Build Command(s):/home/varzonelp/Android/Sdk/cmake/3.22.1/bin/ninja cmTC_b23b2 && [1/2] Building C object CMakeFiles/cmTC_b23b2.dir/CheckIncludeFile.c.o
[2/2] Linking C executable cmTC_b23b2



Determining if the include file signal.h exists passed with the following output:
Change Dir: /home/varzonelp/PROYECTOS/GDSRC/gd-web-decompiled/android/app/.cxx/Debug/k5041461/x86_64/CMakeFiles/CMakeTmp

Run Build Command(s):/home/varzonelp/Android/Sdk/cmake/3.22.1/bin/ninja cmTC_328a1 && [1/2] Building C object CMakeFiles/cmTC_328a1.dir/CheckIncludeFile.c.o
[2/2] Linking C executable cmTC_328a1



Determining if the include file stdarg.h exists passed with the following output:
Change Dir: /home/varzonelp/PROYECTOS/GDSRC/gd-web-decompiled/android/app/.cxx/Debug/k5041461/x86_64/CMakeFiles/CMakeTmp

Run Build Command(s):/home/varzonelp/Android/Sdk/cmake/3.22.1/bin/ninja cmTC_aff9d && [1/2] Building C object CMakeFiles/cmTC_aff9d.dir/CheckIncludeFile.c.o
[2/2] Linking C executable cmTC_aff9d



Determining if the include file stddef.h exists passed with the following output:
Change Dir: /home/varzonelp/PROYECTOS/GDSRC/gd-web-decompiled/android/app/.cxx/Debug/k5041461/x86_64/CMakeFiles/CMakeTmp

Run Build Command(s):/home/varzonelp/Android/Sdk/cmake/3.22.1/bin/ninja cmTC_bf66a && [1/2] Building C object CMakeFiles/cmTC_bf66a.dir/CheckIncludeFile.c.o
[2/2] Linking C executable cmTC_bf66a



Determining if the include file stdint.h exists passed with the following output:
Change Dir: /home/varzonelp/PROYECTOS/GDSRC/gd-web-decompiled/android/app/.cxx/Debug/k5041461/x86_64/CMakeFiles/CMakeTmp

Run Build Command(s):/home/varzonelp/Android/Sdk/cmake/3.22.1/bin/ninja cmTC_eae33 && [1/2] Building C object CMakeFiles/cmTC_eae33.dir/CheckIncludeFile.c.o
[2/2] Linking C executable cmTC_eae33



Determining if the include file stdio.h exists passed with the following output:
Change Dir: /home/varzonelp/PROYECTOS/GDSRC/gd-web-decompiled/android/app/.cxx/Debug/k5041461/x86_64/CMakeFiles/CMakeTmp

Run Build Command(s):/home/varzonelp/Android/Sdk/cmake/3.22.1/bin/ninja cmTC_e85f1 && [1/2] Building C object CMakeFiles/cmTC_e85f1.dir/CheckIncludeFile.c.o
[2/2] Linking C executable cmTC_e85f1



Determining if the include file stdlib.h exists passed with the following output:
Change Dir: /home/varzonelp/PROYECTOS/GDSRC/gd-web-decompiled/android/app/.cxx/Debug/k5041461/x86_64/CMakeFiles/CMakeTmp

Run Build Command(s):/home/varzonelp/Android/Sdk/cmake/3.22.1/bin/ninja cmTC_8a6c6 && [1/2] Building C object CMakeFiles/cmTC_8a6c6.dir/CheckIncludeFile.c.o
[2/2] Linking C executable cmTC_8a6c6



Determining if the include file string.h exists passed with the following output:
Change Dir: /home/varzonelp/PROYECTOS/GDSRC/gd-web-decompiled/android/app/.cxx/Debug/k5041461/x86_64/CMakeFiles/CMakeTmp

Run Build Command(s):/home/varzonelp/Android/Sdk/cmake/3.22.1/bin/ninja cmTC_95497 && [1/2] Building C object CMakeFiles/cmTC_95497.dir/CheckIncludeFile.c.o
[2/2] Linking C executable cmTC_95497



Determining if the include file strings.h exists passed with the following output:
Change Dir: /home/varzonelp/PROYECTOS/GDSRC/gd-web-decompiled/android/app/.cxx/Debug/k5041461/x86_64/CMakeFiles/CMakeTmp

Run Build Command(s):/home/varzonelp/Android/Sdk/cmake/3.22.1/bin/ninja cmTC_1e72d && [1/2] Building C object CMakeFiles/cmTC_1e72d.dir/CheckIncludeFile.c.o
[2/2] Linking C executable cmTC_1e72d



Determining if the include file sys/types.h exists passed with the following output:
Change Dir: /home/varzonelp/PROYECTOS/GDSRC/gd-web-decompiled/android/app/.cxx/Debug/k5041461/x86_64/CMakeFiles/CMakeTmp

Run Build Command(s):/home/varzonelp/Android/Sdk/cmake/3.22.1/bin/ninja cmTC_068b3 && [1/2] Building C object CMakeFiles/cmTC_068b3.dir/CheckIncludeFile.c.o
[2/2] Linking C executable cmTC_068b3



Determining if the include file wchar.h exists passed with the following output:
Change Dir: /home/varzonelp/PROYECTOS/GDSRC/gd-web-decompiled/android/app/.cxx/Debug/k5041461/x86_64/CMakeFiles/CMakeTmp

Run Build Command(s):/home/varzonelp/Android/Sdk/cmake/3.22.1/bin/ninja cmTC_bbbec && [1/2] Building C object CMakeFiles/cmTC_bbbec.dir/CheckIncludeFile.c.o
[2/2] Linking C executable cmTC_bbbec



Determining if files stddef.h;stdarg.h;stdlib.h;string.h;stdio.h;wchar.h;float.h exist passed with the following output:
Change Dir: /home/varzonelp/PROYECTOS/GDSRC/gd-web-decompiled/android/app/.cxx/Debug/k5041461/x86_64/CMakeFiles/CMakeTmp

Run Build Command(s):/home/varzonelp/Android/Sdk/cmake/3.22.1/bin/ninja cmTC_3aeab && [1/2] Building C object CMakeFiles/cmTC_3aeab.dir/STDC_HEADERS.c.o
[2/2] Linking C executable cmTC_3aeab



Determining if the M_PI exist passed with the following output:
Change Dir: /home/varzonelp/PROYECTOS/GDSRC/gd-web-decompiled/android/app/.cxx/Debug/k5041461/x86_64/CMakeFiles/CMakeTmp

Run Build Command(s):/home/varzonelp/Android/Sdk/cmake/3.22.1/bin/ninja cmTC_c8ca6 && [1/2] Building C object CMakeFiles/cmTC_c8ca6.dir/CheckSymbolExists.c.o
[2/2] Linking C executable cmTC_c8ca6


File /home/varzonelp/PROYECTOS/GDSRC/gd-web-decompiled/android/app/.cxx/Debug/k5041461/x86_64/CMakeFiles/CMakeTmp/CheckSymbolExists.c:
/* */
#include <math.h>

int main(int argc, char** argv)
{
  (void)argv;
#ifndef M_PI
  return ((int*)(&M_PI))[argc];
#else
  (void)argc;
  return 0;
#endif
}
Performing C SOURCE FILE Test HAVE_MPROTECT succeeded with the following output:
Change Dir: /home/varzonelp/PROYECTOS/GDSRC/gd-web-decompiled/android/app/.cxx/Debug/k5041461/x86_64/CMakeFiles/CMakeTmp

Run Build Command(s):/home/varzonelp/Android/Sdk/cmake/3.22.1/bin/ninja cmTC_1d503 && [1/2] Building C object CMakeFiles/cmTC_1d503.dir/src.c.o
[2/2] Linking C executable cmTC_1d503


Source file was:
#include <sys/types.h>
                             #include <sys/mman.h>
                             int main(void) { return 0; }
Determining if the strtod exist passed with the following output:
Change Dir: /home/varzonelp/PROYECTOS/GDSRC/gd-web-decompiled/android/app/.cxx/Debug/k5041461/x86_64/CMakeFiles/CMakeTmp

Run Build Command(s):/home/varzonelp/Android/Sdk/cmake/3.22.1/bin/ninja cmTC_f9b21 && [1/2] Building C object CMakeFiles/cmTC_f9b21.dir/CheckSymbolExists.c.o
[2/2] Linking C executable cmTC_f9b21


File /home/varzonelp/PROYECTOS/GDSRC/gd-web-decompiled/android/app/.cxx/Debug/k5041461/x86_64/CMakeFiles/CMakeTmp/CheckSymbolExists.c:
/* */
#include <stddef.h>
#include <stdarg.h>
#include <stdlib.h>
#include <string.h>
#include <stdio.h>
#include <wchar.h>
#include <float.h>

int main(int argc, char** argv)
{
  (void)argv;
#ifndef strtod
  return ((int*)(&strtod))[argc];
#else
  (void)argc;
  return 0;
#endif
}
Determining if the malloc exist passed with the following output:
Change Dir: /home/varzonelp/PROYECTOS/GDSRC/gd-web-decompiled/android/app/.cxx/Debug/k5041461/x86_64/CMakeFiles/CMakeTmp

Run Build Command(s):/home/varzonelp/Android/Sdk/cmake/3.22.1/bin/ninja cmTC_243a5 && [1/2] Building C object CMakeFiles/cmTC_243a5.dir/CheckSymbolExists.c.o
[2/2] Linking C executable cmTC_243a5


File /home/varzonelp/PROYECTOS/GDSRC/gd-web-decompiled/android/app/.cxx/Debug/k5041461/x86_64/CMakeFiles/CMakeTmp/CheckSymbolExists.c:
/* */
#include <stddef.h>
#include <stdarg.h>
#include <stdlib.h>
#include <string.h>
#include <stdio.h>
#include <wchar.h>
#include <float.h>

int main(int argc, char** argv)
{
  (void)argv;
#ifndef malloc
  return ((int*)(&malloc))[argc];
#else
  (void)argc;
  return 0;
#endif
}
Determining if the calloc exist passed with the following output:
Change Dir: /home/varzonelp/PROYECTOS/GDSRC/gd-web-decompiled/android/app/.cxx/Debug/k5041461/x86_64/CMakeFiles/CMakeTmp

Run Build Command(s):/home/varzonelp/Android/Sdk/cmake/3.22.1/bin/ninja cmTC_a52de && [1/2] Building C object CMakeFiles/cmTC_a52de.dir/CheckSymbolExists.c.o
[2/2] Linking C executable cmTC_a52de


File /home/varzonelp/PROYECTOS/GDSRC/gd-web-decompiled/android/app/.cxx/Debug/k5041461/x86_64/CMakeFiles/CMakeTmp/CheckSymbolExists.c:
/* */
#include <stddef.h>
#include <stdarg.h>
#include <stdlib.h>
#include <string.h>
#include <stdio.h>
#include <wchar.h>
#include <float.h>

int main(int argc, char** argv)
{
  (void)argv;
#ifndef calloc
  return ((int*)(&calloc))[argc];
#else
  (void)argc;
  return 0;
#endif
}
Determining if the realloc exist passed with the following output:
Change Dir: /home/varzonelp/PROYECTOS/GDSRC/gd-web-decompiled/android/app/.cxx/Debug/k5041461/x86_64/CMakeFiles/CMakeTmp

Run Build Command(s):/home/varzonelp/Android/Sdk/cmake/3.22.1/bin/ninja cmTC_57c0f && [1/2] Building C object CMakeFiles/cmTC_57c0f.dir/CheckSymbolExists.c.o
[2/2] Linking C executable cmTC_57c0f


File /home/varzonelp/PROYECTOS/GDSRC/gd-web-decompiled/android/app/.cxx/Debug/k5041461/x86_64/CMakeFiles/CMakeTmp/CheckSymbolExists.c:
/* */
#include <stddef.h>
#include <stdarg.h>
#include <stdlib.h>
#include <string.h>
#include <stdio.h>
#include <wchar.h>
#include <float.h>

int main(int argc, char** argv)
{
  (void)argv;
#ifndef realloc
  return ((int*)(&realloc))[argc];
#else
  (void)argc;
  return 0;
#endif
}
Determining if the free exist passed with the following output:
Change Dir: /home/varzonelp/PROYECTOS/GDSRC/gd-web-decompiled/android/app/.cxx/Debug/k5041461/x86_64/CMakeFiles/CMakeTmp

Run Build Command(s):/home/varzonelp/Android/Sdk/cmake/3.22.1/bin/ninja cmTC_deca9 && [1/2] Building C object CMakeFiles/cmTC_deca9.dir/CheckSymbolExists.c.o
[2/2] Linking C executable cmTC_deca9


File /home/varzonelp/PROYECTOS/GDSRC/gd-web-decompiled/android/app/.cxx/Debug/k5041461/x86_64/CMakeFiles/CMakeTmp/CheckSymbolExists.c:
/* */
#include <stddef.h>
#include <stdarg.h>
#include <stdlib.h>
#include <string.h>
#include <stdio.h>
#include <wchar.h>
#include <float.h>

int main(int argc, char** argv)
{
  (void)argv;
#ifndef free
  return ((int*)(&free))[argc];
#else
  (void)argc;
  return 0;
#endif
}
Determining if the getenv exist passed with the following output:
Change Dir: /home/varzonelp/PROYECTOS/GDSRC/gd-web-decompiled/android/app/.cxx/Debug/k5041461/x86_64/CMakeFiles/CMakeTmp

Run Build Command(s):/home/varzonelp/Android/Sdk/cmake/3.22.1/bin/ninja cmTC_435ac && [1/2] Building C object CMakeFiles/cmTC_435ac.dir/CheckSymbolExists.c.o
[2/2] Linking C executable cmTC_435ac


File /home/varzonelp/PROYECTOS/GDSRC/gd-web-decompiled/android/app/.cxx/Debug/k5041461/x86_64/CMakeFiles/CMakeTmp/CheckSymbolExists.c:
/* */
#include <stddef.h>
#include <stdarg.h>
#include <stdlib.h>
#include <string.h>
#include <stdio.h>
#include <wchar.h>
#include <float.h>

int main(int argc, char** argv)
{
  (void)argv;
#ifndef getenv
  return ((int*)(&getenv))[argc];
#else
  (void)argc;
  return 0;
#endif
}
Determining if the setenv exist passed with the following output:
Change Dir: /home/varzonelp/PROYECTOS/GDSRC/gd-web-decompiled/android/app/.cxx/Debug/k5041461/x86_64/CMakeFiles/CMakeTmp

Run Build Command(s):/home/varzonelp/Android/Sdk/cmake/3.22.1/bin/ninja cmTC_37e1e && [1/2] Building C object CMakeFiles/cmTC_37e1e.dir/CheckSymbolExists.c.o
[2/2] Linking C executable cmTC_37e1e


File /home/varzonelp/PROYECTOS/GDSRC/gd-web-decompiled/android/app/.cxx/Debug/k5041461/x86_64/CMakeFiles/CMakeTmp/CheckSymbolExists.c:
/* */
#include <stddef.h>
#include <stdarg.h>
#include <stdlib.h>
#include <string.h>
#include <stdio.h>
#include <wchar.h>
#include <float.h>

int main(int argc, char** argv)
{
  (void)argv;
#ifndef setenv
  return ((int*)(&setenv))[argc];
#else
  (void)argc;
  return 0;
#endif
}
Determining if the putenv exist passed with the following output:
Change Dir: /home/varzonelp/PROYECTOS/GDSRC/gd-web-decompiled/android/app/.cxx/Debug/k5041461/x86_64/CMakeFiles/CMakeTmp

Run Build Command(s):/home/varzonelp/Android/Sdk/cmake/3.22.1/bin/ninja cmTC_44c53 && [1/2] Building C object CMakeFiles/cmTC_44c53.dir/CheckSymbolExists.c.o
[2/2] Linking C executable cmTC_44c53


File /home/varzonelp/PROYECTOS/GDSRC/gd-web-decompiled/android/app/.cxx/Debug/k5041461/x86_64/CMakeFiles/CMakeTmp/CheckSymbolExists.c:
/* */
#include <stddef.h>
#include <stdarg.h>
#include <stdlib.h>
#include <string.h>
#include <stdio.h>
#include <wchar.h>
#include <float.h>

int main(int argc, char** argv)
{
  (void)argv;
#ifndef putenv
  return ((int*)(&putenv))[argc];
#else
  (void)argc;
  return 0;
#endif
}
Determining if the unsetenv exist passed with the following output:
Change Dir: /home/varzonelp/PROYECTOS/GDSRC/gd-web-decompiled/android/app/.cxx/Debug/k5041461/x86_64/CMakeFiles/CMakeTmp

Run Build Command(s):/home/varzonelp/Android/Sdk/cmake/3.22.1/bin/ninja cmTC_5b4be && [1/2] Building C object CMakeFiles/cmTC_5b4be.dir/CheckSymbolExists.c.o
[2/2] Linking C executable cmTC_5b4be


File /home/varzonelp/PROYECTOS/GDSRC/gd-web-decompiled/android/app/.cxx/Debug/k5041461/x86_64/CMakeFiles/CMakeTmp/CheckSymbolExists.c:
/* */
#include <stddef.h>
#include <stdarg.h>
#include <stdlib.h>
#include <string.h>
#include <stdio.h>
#include <wchar.h>
#include <float.h>

int main(int argc, char** argv)
{
  (void)argv;
#ifndef unsetenv
  return ((int*)(&unsetenv))[argc];
#else
  (void)argc;
  return 0;
#endif
}
Determining if the bsearch exist passed with the following output:
Change Dir: /home/varzonelp/PROYECTOS/GDSRC/gd-web-decompiled/android/app/.cxx/Debug/k5041461/x86_64/CMakeFiles/CMakeTmp

Run Build Command(s):/home/varzonelp/Android/Sdk/cmake/3.22.1/bin/ninja cmTC_17567 && [1/2] Building C object CMakeFiles/cmTC_17567.dir/CheckSymbolExists.c.o
[2/2] Linking C executable cmTC_17567


File /home/varzonelp/PROYECTOS/GDSRC/gd-web-decompiled/android/app/.cxx/Debug/k5041461/x86_64/CMakeFiles/CMakeTmp/CheckSymbolExists.c:
/* */
#include <stddef.h>
#include <stdarg.h>
#include <stdlib.h>
#include <string.h>
#include <stdio.h>
#include <wchar.h>
#include <float.h>

int main(int argc, char** argv)
{
  (void)argv;
#ifndef bsearch
  return ((int*)(&bsearch))[argc];
#else
  (void)argc;
  return 0;
#endif
}
Determining if the qsort exist passed with the following output:
Change Dir: /home/varzonelp/PROYECTOS/GDSRC/gd-web-decompiled/android/app/.cxx/Debug/k5041461/x86_64/CMakeFiles/CMakeTmp

Run Build Command(s):/home/varzonelp/Android/Sdk/cmake/3.22.1/bin/ninja cmTC_1927a && [1/2] Building C object CMakeFiles/cmTC_1927a.dir/CheckSymbolExists.c.o
[2/2] Linking C executable cmTC_1927a


File /home/varzonelp/PROYECTOS/GDSRC/gd-web-decompiled/android/app/.cxx/Debug/k5041461/x86_64/CMakeFiles/CMakeTmp/CheckSymbolExists.c:
/* */
#include <stddef.h>
#include <stdarg.h>
#include <stdlib.h>
#include <string.h>
#include <stdio.h>
#include <wchar.h>
#include <float.h>

int main(int argc, char** argv)
{
  (void)argv;
#ifndef qsort
  return ((int*)(&qsort))[argc];
#else
  (void)argc;
  return 0;
#endif
}
Determining if the abs exist passed with the following output:
Change Dir: /home/varzonelp/PROYECTOS/GDSRC/gd-web-decompiled/android/app/.cxx/Debug/k5041461/x86_64/CMakeFiles/CMakeTmp

Run Build Command(s):/home/varzonelp/Android/Sdk/cmake/3.22.1/bin/ninja cmTC_e0dbe && [1/2] Building C object CMakeFiles/cmTC_e0dbe.dir/CheckSymbolExists.c.o
[2/2] Linking C executable cmTC_e0dbe


File /home/varzonelp/PROYECTOS/GDSRC/gd-web-decompiled/android/app/.cxx/Debug/k5041461/x86_64/CMakeFiles/CMakeTmp/CheckSymbolExists.c:
/* */
#include <stddef.h>
#include <stdarg.h>
#include <stdlib.h>
#include <string.h>
#include <stdio.h>
#include <wchar.h>
#include <float.h>

int main(int argc, char** argv)
{
  (void)argv;
#ifndef abs
  return ((int*)(&abs))[argc];
#else
  (void)argc;
  return 0;
#endif
}
Determining if the bcopy exist passed with the following output:
Change Dir: /home/varzonelp/PROYECTOS/GDSRC/gd-web-decompiled/android/app/.cxx/Debug/k5041461/x86_64/CMakeFiles/CMakeTmp

Run Build Command(s):/home/varzonelp/Android/Sdk/cmake/3.22.1/bin/ninja cmTC_b078a && [1/2] Building C object CMakeFiles/cmTC_b078a.dir/CheckSymbolExists.c.o
[2/2] Linking C executable cmTC_b078a


File /home/varzonelp/PROYECTOS/GDSRC/gd-web-decompiled/android/app/.cxx/Debug/k5041461/x86_64/CMakeFiles/CMakeTmp/CheckSymbolExists.c:
/* */
#include <stddef.h>
#include <stdarg.h>
#include <stdlib.h>
#include <string.h>
#include <stdio.h>
#include <wchar.h>
#include <float.h>

int main(int argc, char** argv)
{
  (void)argv;
#ifndef bcopy
  return ((int*)(&bcopy))[argc];
#else
  (void)argc;
  return 0;
#endif
}
Determining if the memset exist passed with the following output:
Change Dir: /home/varzonelp/PROYECTOS/GDSRC/gd-web-decompiled/android/app/.cxx/Debug/k5041461/x86_64/CMakeFiles/CMakeTmp

Run Build Command(s):/home/varzonelp/Android/Sdk/cmake/3.22.1/bin/ninja cmTC_cb923 && [1/2] Building C object CMakeFiles/cmTC_cb923.dir/CheckSymbolExists.c.o
[2/2] Linking C executable cmTC_cb923


File /home/varzonelp/PROYECTOS/GDSRC/gd-web-decompiled/android/app/.cxx/Debug/k5041461/x86_64/CMakeFiles/CMakeTmp/CheckSymbolExists.c:
/* */
#include <stddef.h>
#include <stdarg.h>
#include <stdlib.h>
#include <string.h>
#include <stdio.h>
#include <wchar.h>
#include <float.h>

int main(int argc, char** argv)
{
  (void)argv;
#ifndef memset
  return ((int*)(&memset))[argc];
#else
  (void)argc;
  return 0;
#endif
}
Determining if the memcpy exist passed with the following output:
Change Dir: /home/varzonelp/PROYECTOS/GDSRC/gd-web-decompiled/android/app/.cxx/Debug/k5041461/x86_64/CMakeFiles/CMakeTmp

Run Build Command(s):/home/varzonelp/Android/Sdk/cmake/3.22.1/bin/ninja cmTC_f9e97 && [1/2] Building C object CMakeFiles/cmTC_f9e97.dir/CheckSymbolExists.c.o
[2/2] Linking C executable cmTC_f9e97


File /home/varzonelp/PROYECTOS/GDSRC/gd-web-decompiled/android/app/.cxx/Debug/k5041461/x86_64/CMakeFiles/CMakeTmp/CheckSymbolExists.c:
/* */
#include <stddef.h>
#include <stdarg.h>
#include <stdlib.h>
#include <string.h>
#include <stdio.h>
#include <wchar.h>
#include <float.h>

int main(int argc, char** argv)
{
  (void)argv;
#ifndef memcpy
  return ((int*)(&memcpy))[argc];
#else
  (void)argc;
  return 0;
#endif
}
Determining if the memmove exist passed with the following output:
Change Dir: /home/varzonelp/PROYECTOS/GDSRC/gd-web-decompiled/android/app/.cxx/Debug/k5041461/x86_64/CMakeFiles/CMakeTmp

Run Build Command(s):/home/varzonelp/Android/Sdk/cmake/3.22.1/bin/ninja cmTC_7a129 && [1/2] Building C object CMakeFiles/cmTC_7a129.dir/CheckSymbolExists.c.o
[2/2] Linking C executable cmTC_7a129


File /home/varzonelp/PROYECTOS/GDSRC/gd-web-decompiled/android/app/.cxx/Debug/k5041461/x86_64/CMakeFiles/CMakeTmp/CheckSymbolExists.c:
/* */
#include <stddef.h>
#include <stdarg.h>
#include <stdlib.h>
#include <string.h>
#include <stdio.h>
#include <wchar.h>
#include <float.h>

int main(int argc, char** argv)
{
  (void)argv;
#ifndef memmove
  return ((int*)(&memmove))[argc];
#else
  (void)argc;
  return 0;
#endif
}
Determining if the memcmp exist passed with the following output:
Change Dir: /home/varzonelp/PROYECTOS/GDSRC/gd-web-decompiled/android/app/.cxx/Debug/k5041461/x86_64/CMakeFiles/CMakeTmp

Run Build Command(s):/home/varzonelp/Android/Sdk/cmake/3.22.1/bin/ninja cmTC_1299a && [1/2] Building C object CMakeFiles/cmTC_1299a.dir/CheckSymbolExists.c.o
[2/2] Linking C executable cmTC_1299a


File /home/varzonelp/PROYECTOS/GDSRC/gd-web-decompiled/android/app/.cxx/Debug/k5041461/x86_64/CMakeFiles/CMakeTmp/CheckSymbolExists.c:
/* */
#include <stddef.h>
#include <stdarg.h>
#include <stdlib.h>
#include <string.h>
#include <stdio.h>
#include <wchar.h>
#include <float.h>

int main(int argc, char** argv)
{
  (void)argv;
#ifndef memcmp
  return ((int*)(&memcmp))[argc];
#else
  (void)argc;
  return 0;
#endif
}
Determining if the strlen exist passed with the following output:
Change Dir: /home/varzonelp/PROYECTOS/GDSRC/gd-web-decompiled/android/app/.cxx/Debug/k5041461/x86_64/CMakeFiles/CMakeTmp

Run Build Command(s):/home/varzonelp/Android/Sdk/cmake/3.22.1/bin/ninja cmTC_30d58 && [1/2] Building C object CMakeFiles/cmTC_30d58.dir/CheckSymbolExists.c.o
[2/2] Linking C executable cmTC_30d58


File /home/varzonelp/PROYECTOS/GDSRC/gd-web-decompiled/android/app/.cxx/Debug/k5041461/x86_64/CMakeFiles/CMakeTmp/CheckSymbolExists.c:
/* */
#include <stddef.h>
#include <stdarg.h>
#include <stdlib.h>
#include <string.h>
#include <stdio.h>
#include <wchar.h>
#include <float.h>

int main(int argc, char** argv)
{
  (void)argv;
#ifndef strlen
  return ((int*)(&strlen))[argc];
#else
  (void)argc;
  return 0;
#endif
}
Determining if the strlcpy exist passed with the following output:
Change Dir: /home/varzonelp/PROYECTOS/GDSRC/gd-web-decompiled/android/app/.cxx/Debug/k5041461/x86_64/CMakeFiles/CMakeTmp

Run Build Command(s):/home/varzonelp/Android/Sdk/cmake/3.22.1/bin/ninja cmTC_1f82c && [1/2] Building C object CMakeFiles/cmTC_1f82c.dir/CheckSymbolExists.c.o
[2/2] Linking C executable cmTC_1f82c


File /home/varzonelp/PROYECTOS/GDSRC/gd-web-decompiled/android/app/.cxx/Debug/k5041461/x86_64/CMakeFiles/CMakeTmp/CheckSymbolExists.c:
/* */
#include <stddef.h>
#include <stdarg.h>
#include <stdlib.h>
#include <string.h>
#include <stdio.h>
#include <wchar.h>
#include <float.h>

int main(int argc, char** argv)
{
  (void)argv;
#ifndef strlcpy
  return ((int*)(&strlcpy))[argc];
#else
  (void)argc;
  return 0;
#endif
}
Determining if the strlcat exist passed with the following output:
Change Dir: /home/varzonelp/PROYECTOS/GDSRC/gd-web-decompiled/android/app/.cxx/Debug/k5041461/x86_64/CMakeFiles/CMakeTmp

Run Build Command(s):/home/varzonelp/Android/Sdk/cmake/3.22.1/bin/ninja cmTC_64f74 && [1/2] Building C object CMakeFiles/cmTC_64f74.dir/CheckSymbolExists.c.o
[2/2] Linking C executable cmTC_64f74


File /home/varzonelp/PROYECTOS/GDSRC/gd-web-decompiled/android/app/.cxx/Debug/k5041461/x86_64/CMakeFiles/CMakeTmp/CheckSymbolExists.c:
/* */
#include <stddef.h>
#include <stdarg.h>
#include <stdlib.h>
#include <string.h>
#include <stdio.h>
#include <wchar.h>
#include <float.h>

int main(int argc, char** argv)
{
  (void)argv;
#ifndef strlcat
  return ((int*)(&strlcat))[argc];
#else
  (void)argc;
  return 0;
#endif
}
Determining if the strchr exist passed with the following output:
Change Dir: /home/varzonelp/PROYECTOS/GDSRC/gd-web-decompiled/android/app/.cxx/Debug/k5041461/x86_64/CMakeFiles/CMakeTmp

Run Build Command(s):/home/varzonelp/Android/Sdk/cmake/3.22.1/bin/ninja cmTC_3aa6f && [1/2] Building C object CMakeFiles/cmTC_3aa6f.dir/CheckSymbolExists.c.o
[2/2] Linking C executable cmTC_3aa6f


File /home/varzonelp/PROYECTOS/GDSRC/gd-web-decompiled/android/app/.cxx/Debug/k5041461/x86_64/CMakeFiles/CMakeTmp/CheckSymbolExists.c:
/* */
#include <stddef.h>
#include <stdarg.h>
#include <stdlib.h>
#include <string.h>
#include <stdio.h>
#include <wchar.h>
#include <float.h>

int main(int argc, char** argv)
{
  (void)argv;
#ifndef strchr
  return ((int*)(&strchr))[argc];
#else
  (void)argc;
  return 0;
#endif
}
Determining if the strrchr exist passed with the following output:
Change Dir: /home/varzonelp/PROYECTOS/GDSRC/gd-web-decompiled/android/app/.cxx/Debug/k5041461/x86_64/CMakeFiles/CMakeTmp

Run Build Command(s):/home/varzonelp/Android/Sdk/cmake/3.22.1/bin/ninja cmTC_53e9c && [1/2] Building C object CMakeFiles/cmTC_53e9c.dir/CheckSymbolExists.c.o
[2/2] Linking C executable cmTC_53e9c


File /home/varzonelp/PROYECTOS/GDSRC/gd-web-decompiled/android/app/.cxx/Debug/k5041461/x86_64/CMakeFiles/CMakeTmp/CheckSymbolExists.c:
/* */
#include <stddef.h>
#include <stdarg.h>
#include <stdlib.h>
#include <string.h>
#include <stdio.h>
#include <wchar.h>
#include <float.h>

int main(int argc, char** argv)
{
  (void)argv;
#ifndef strrchr
  return ((int*)(&strrchr))[argc];
#else
  (void)argc;
  return 0;
#endif
}
Determining if the strstr exist passed with the following output:
Change Dir: /home/varzonelp/PROYECTOS/GDSRC/gd-web-decompiled/android/app/.cxx/Debug/k5041461/x86_64/CMakeFiles/CMakeTmp

Run Build Command(s):/home/varzonelp/Android/Sdk/cmake/3.22.1/bin/ninja cmTC_64e9a && [1/2] Building C object CMakeFiles/cmTC_64e9a.dir/CheckSymbolExists.c.o
[2/2] Linking C executable cmTC_64e9a


File /home/varzonelp/PROYECTOS/GDSRC/gd-web-decompiled/android/app/.cxx/Debug/k5041461/x86_64/CMakeFiles/CMakeTmp/CheckSymbolExists.c:
/* */
#include <stddef.h>
#include <stdarg.h>
#include <stdlib.h>
#include <string.h>
#include <stdio.h>
#include <wchar.h>
#include <float.h>

int main(int argc, char** argv)
{
  (void)argv;
#ifndef strstr
  return ((int*)(&strstr))[argc];
#else
  (void)argc;
  return 0;
#endif
}
Determining if the strtok_r exist passed with the following output:
Change Dir: /home/varzonelp/PROYECTOS/GDSRC/gd-web-decompiled/android/app/.cxx/Debug/k5041461/x86_64/CMakeFiles/CMakeTmp

Run Build Command(s):/home/varzonelp/Android/Sdk/cmake/3.22.1/bin/ninja cmTC_39dbb && [1/2] Building C object CMakeFiles/cmTC_39dbb.dir/CheckSymbolExists.c.o
[2/2] Linking C executable cmTC_39dbb


File /home/varzonelp/PROYECTOS/GDSRC/gd-web-decompiled/android/app/.cxx/Debug/k5041461/x86_64/CMakeFiles/CMakeTmp/CheckSymbolExists.c:
/* */
#include <stddef.h>
#include <stdarg.h>
#include <stdlib.h>
#include <string.h>
#include <stdio.h>
#include <wchar.h>
#include <float.h>

int main(int argc, char** argv)
{
  (void)argv;
#ifndef strtok_r
  return ((int*)(&strtok_r))[argc];
#else
  (void)argc;
  return 0;
#endif
}
Determining if the strtol exist passed with the following output:
Change Dir: /home/varzonelp/PROYECTOS/GDSRC/gd-web-decompiled/android/app/.cxx/Debug/k5041461/x86_64/CMakeFiles/CMakeTmp

Run Build Command(s):/home/varzonelp/Android/Sdk/cmake/3.22.1/bin/ninja cmTC_6a212 && [1/2] Building C object CMakeFiles/cmTC_6a212.dir/CheckSymbolExists.c.o
[2/2] Linking C executable cmTC_6a212


File /home/varzonelp/PROYECTOS/GDSRC/gd-web-decompiled/android/app/.cxx/Debug/k5041461/x86_64/CMakeFiles/CMakeTmp/CheckSymbolExists.c:
/* */
#include <stddef.h>
#include <stdarg.h>
#include <stdlib.h>
#include <string.h>
#include <stdio.h>
#include <wchar.h>
#include <float.h>

int main(int argc, char** argv)
{
  (void)argv;
#ifndef strtol
  return ((int*)(&strtol))[argc];
#else
  (void)argc;
  return 0;
#endif
}
Determining if the strtoul exist passed with the following output:
Change Dir: /home/varzonelp/PROYECTOS/GDSRC/gd-web-decompiled/android/app/.cxx/Debug/k5041461/x86_64/CMakeFiles/CMakeTmp

Run Build Command(s):/home/varzonelp/Android/Sdk/cmake/3.22.1/bin/ninja cmTC_883b2 && [1/2] Building C object CMakeFiles/cmTC_883b2.dir/CheckSymbolExists.c.o
[2/2] Linking C executable cmTC_883b2


File /home/varzonelp/PROYECTOS/GDSRC/gd-web-decompiled/android/app/.cxx/Debug/k5041461/x86_64/CMakeFiles/CMakeTmp/CheckSymbolExists.c:
/* */
#include <stddef.h>
#include <stdarg.h>
#include <stdlib.h>
#include <string.h>
#include <stdio.h>
#include <wchar.h>
#include <float.h>

int main(int argc, char** argv)
{
  (void)argv;
#ifndef strtoul
  return ((int*)(&strtoul))[argc];
#else
  (void)argc;
  return 0;
#endif
}
Determining if the strtoll exist passed with the following output:
Change Dir: /home/varzonelp/PROYECTOS/GDSRC/gd-web-decompiled/android/app/.cxx/Debug/k5041461/x86_64/CMakeFiles/CMakeTmp

Run Build Command(s):/home/varzonelp/Android/Sdk/cmake/3.22.1/bin/ninja cmTC_04b53 && [1/2] Building C object CMakeFiles/cmTC_04b53.dir/CheckSymbolExists.c.o
[2/2] Linking C executable cmTC_04b53


File /home/varzonelp/PROYECTOS/GDSRC/gd-web-decompiled/android/app/.cxx/Debug/k5041461/x86_64/CMakeFiles/CMakeTmp/CheckSymbolExists.c:
/* */
#include <stddef.h>
#include <stdarg.h>
#include <stdlib.h>
#include <string.h>
#include <stdio.h>
#include <wchar.h>
#include <float.h>

int main(int argc, char** argv)
{
  (void)argv;
#ifndef strtoll
  return ((int*)(&strtoll))[argc];
#else
  (void)argc;
  return 0;
#endif
}
Determining if the strtoull exist passed with the following output:
Change Dir: /home/varzonelp/PROYECTOS/GDSRC/gd-web-decompiled/android/app/.cxx/Debug/k5041461/x86_64/CMakeFiles/CMakeTmp

Run Build Command(s):/home/varzonelp/Android/Sdk/cmake/3.22.1/bin/ninja cmTC_d2a7c && [1/2] Building C object CMakeFiles/cmTC_d2a7c.dir/CheckSymbolExists.c.o
[2/2] Linking C executable cmTC_d2a7c


File /home/varzonelp/PROYECTOS/GDSRC/gd-web-decompiled/android/app/.cxx/Debug/k5041461/x86_64/CMakeFiles/CMakeTmp/CheckSymbolExists.c:
/* */
#include <stddef.h>
#include <stdarg.h>
#include <stdlib.h>
#include <string.h>
#include <stdio.h>
#include <wchar.h>
#include <float.h>

int main(int argc, char** argv)
{
  (void)argv;
#ifndef strtoull
  return ((int*)(&strtoull))[argc];
#else
  (void)argc;
  return 0;
#endif
}
Determining if the atoi exist passed with the following output:
Change Dir: /home/varzonelp/PROYECTOS/GDSRC/gd-web-decompiled/android/app/.cxx/Debug/k5041461/x86_64/CMakeFiles/CMakeTmp

Run Build Command(s):/home/varzonelp/Android/Sdk/cmake/3.22.1/bin/ninja cmTC_6c033 && [1/2] Building C object CMakeFiles/cmTC_6c033.dir/CheckSymbolExists.c.o
[2/2] Linking C executable cmTC_6c033


File /home/varzonelp/PROYECTOS/GDSRC/gd-web-decompiled/android/app/.cxx/Debug/k5041461/x86_64/CMakeFiles/CMakeTmp/CheckSymbolExists.c:
/* */
#include <stddef.h>
#include <stdarg.h>
#include <stdlib.h>
#include <string.h>
#include <stdio.h>
#include <wchar.h>
#include <float.h>

int main(int argc, char** argv)
{
  (void)argv;
#ifndef atoi
  return ((int*)(&atoi))[argc];
#else
  (void)argc;
  return 0;
#endif
}
Determining if the atof exist passed with the following output:
Change Dir: /home/varzonelp/PROYECTOS/GDSRC/gd-web-decompiled/android/app/.cxx/Debug/k5041461/x86_64/CMakeFiles/CMakeTmp

Run Build Command(s):/home/varzonelp/Android/Sdk/cmake/3.22.1/bin/ninja cmTC_c9540 && [1/2] Building C object CMakeFiles/cmTC_c9540.dir/CheckSymbolExists.c.o
[2/2] Linking C executable cmTC_c9540


File /home/varzonelp/PROYECTOS/GDSRC/gd-web-decompiled/android/app/.cxx/Debug/k5041461/x86_64/CMakeFiles/CMakeTmp/CheckSymbolExists.c:
/* */
#include <stddef.h>
#include <stdarg.h>
#include <stdlib.h>
#include <string.h>
#include <stdio.h>
#include <wchar.h>
#include <float.h>

int main(int argc, char** argv)
{
  (void)argv;
#ifndef atof
  return ((int*)(&atof))[argc];
#else
  (void)argc;
  return 0;
#endif
}
Determining if the strcmp exist passed with the following output:
Change Dir: /home/varzonelp/PROYECTOS/GDSRC/gd-web-decompiled/android/app/.cxx/Debug/k5041461/x86_64/CMakeFiles/CMakeTmp

Run Build Command(s):/home/varzonelp/Android/Sdk/cmake/3.22.1/bin/ninja cmTC_f6512 && [1/2] Building C object CMakeFiles/cmTC_f6512.dir/CheckSymbolExists.c.o
[2/2] Linking C executable cmTC_f6512


File /home/varzonelp/PROYECTOS/GDSRC/gd-web-decompiled/android/app/.cxx/Debug/k5041461/x86_64/CMakeFiles/CMakeTmp/CheckSymbolExists.c:
/* */
#include <stddef.h>
#include <stdarg.h>
#include <stdlib.h>
#include <string.h>
#include <stdio.h>
#include <wchar.h>
#include <float.h>

int main(int argc, char** argv)
{
  (void)argv;
#ifndef strcmp
  return ((int*)(&strcmp))[argc];
#else
  (void)argc;
  return 0;
#endif
}
Determining if the strncmp exist passed with the following output:
Change Dir: /home/varzonelp/PROYECTOS/GDSRC/gd-web-decompiled/android/app/.cxx/Debug/k5041461/x86_64/CMakeFiles/CMakeTmp

Run Build Command(s):/home/varzonelp/Android/Sdk/cmake/3.22.1/bin/ninja cmTC_ec0a9 && [1/2] Building C object CMakeFiles/cmTC_ec0a9.dir/CheckSymbolExists.c.o
[2/2] Linking C executable cmTC_ec0a9


File /home/varzonelp/PROYECTOS/GDSRC/gd-web-decompiled/android/app/.cxx/Debug/k5041461/x86_64/CMakeFiles/CMakeTmp/CheckSymbolExists.c:
/* */
#include <stddef.h>
#include <stdarg.h>
#include <stdlib.h>
#include <string.h>
#include <stdio.h>
#include <wchar.h>
#include <float.h>

int main(int argc, char** argv)
{
  (void)argv;
#ifndef strncmp
  return ((int*)(&strncmp))[argc];
#else
  (void)argc;
  return 0;
#endif
}
Determining if the strcasecmp exist passed with the following output:
Change Dir: /home/varzonelp/PROYECTOS/GDSRC/gd-web-decompiled/android/app/.cxx/Debug/k5041461/x86_64/CMakeFiles/CMakeTmp

Run Build Command(s):/home/varzonelp/Android/Sdk/cmake/3.22.1/bin/ninja cmTC_87ec0 && [1/2] Building C object CMakeFiles/cmTC_87ec0.dir/CheckSymbolExists.c.o
[2/2] Linking C executable cmTC_87ec0


File /home/varzonelp/PROYECTOS/GDSRC/gd-web-decompiled/android/app/.cxx/Debug/k5041461/x86_64/CMakeFiles/CMakeTmp/CheckSymbolExists.c:
/* */
#include <stddef.h>
#include <stdarg.h>
#include <stdlib.h>
#include <string.h>
#include <stdio.h>
#include <wchar.h>
#include <float.h>

int main(int argc, char** argv)
{
  (void)argv;
#ifndef strcasecmp
  return ((int*)(&strcasecmp))[argc];
#else
  (void)argc;
  return 0;
#endif
}
Determining if the strncasecmp exist passed with the following output:
Change Dir: /home/varzonelp/PROYECTOS/GDSRC/gd-web-decompiled/android/app/.cxx/Debug/k5041461/x86_64/CMakeFiles/CMakeTmp

Run Build Command(s):/home/varzonelp/Android/Sdk/cmake/3.22.1/bin/ninja cmTC_314f8 && [1/2] Building C object CMakeFiles/cmTC_314f8.dir/CheckSymbolExists.c.o
[2/2] Linking C executable cmTC_314f8


File /home/varzonelp/PROYECTOS/GDSRC/gd-web-decompiled/android/app/.cxx/Debug/k5041461/x86_64/CMakeFiles/CMakeTmp/CheckSymbolExists.c:
/* */
#include <stddef.h>
#include <stdarg.h>
#include <stdlib.h>
#include <string.h>
#include <stdio.h>
#include <wchar.h>
#include <float.h>

int main(int argc, char** argv)
{
  (void)argv;
#ifndef strncasecmp
  return ((int*)(&strncasecmp))[argc];
#else
  (void)argc;
  return 0;
#endif
}
Determining if the strcasestr exist passed with the following output:
Change Dir: /home/varzonelp/PROYECTOS/GDSRC/gd-web-decompiled/android/app/.cxx/Debug/k5041461/x86_64/CMakeFiles/CMakeTmp

Run Build Command(s):/home/varzonelp/Android/Sdk/cmake/3.22.1/bin/ninja cmTC_56b63 && [1/2] Building C object CMakeFiles/cmTC_56b63.dir/CheckSymbolExists.c.o
[2/2] Linking C executable cmTC_56b63


File /home/varzonelp/PROYECTOS/GDSRC/gd-web-decompiled/android/app/.cxx/Debug/k5041461/x86_64/CMakeFiles/CMakeTmp/CheckSymbolExists.c:
/* */
#include <stddef.h>
#include <stdarg.h>
#include <stdlib.h>
#include <string.h>
#include <stdio.h>
#include <wchar.h>
#include <float.h>

int main(int argc, char** argv)
{
  (void)argv;
#ifndef strcasestr
  return ((int*)(&strcasestr))[argc];
#else
  (void)argc;
  return 0;
#endif
}
Determining if the wcscmp exist passed with the following output:
Change Dir: /home/varzonelp/PROYECTOS/GDSRC/gd-web-decompiled/android/app/.cxx/Debug/k5041461/x86_64/CMakeFiles/CMakeTmp

Run Build Command(s):/home/varzonelp/Android/Sdk/cmake/3.22.1/bin/ninja cmTC_c60cf && [1/2] Building C object CMakeFiles/cmTC_c60cf.dir/CheckSymbolExists.c.o
[2/2] Linking C executable cmTC_c60cf


File /home/varzonelp/PROYECTOS/GDSRC/gd-web-decompiled/android/app/.cxx/Debug/k5041461/x86_64/CMakeFiles/CMakeTmp/CheckSymbolExists.c:
/* */
#include <stddef.h>
#include <stdarg.h>
#include <stdlib.h>
#include <string.h>
#include <stdio.h>
#include <wchar.h>
#include <float.h>

int main(int argc, char** argv)
{
  (void)argv;
#ifndef wcscmp
  return ((int*)(&wcscmp))[argc];
#else
  (void)argc;
  return 0;
#endif
}
Determining if the wcsdup exist passed with the following output:
Change Dir: /home/varzonelp/PROYECTOS/GDSRC/gd-web-decompiled/android/app/.cxx/Debug/k5041461/x86_64/CMakeFiles/CMakeTmp

Run Build Command(s):/home/varzonelp/Android/Sdk/cmake/3.22.1/bin/ninja cmTC_e7d3b && [1/2] Building C object CMakeFiles/cmTC_e7d3b.dir/CheckSymbolExists.c.o
[2/2] Linking C executable cmTC_e7d3b


File /home/varzonelp/PROYECTOS/GDSRC/gd-web-decompiled/android/app/.cxx/Debug/k5041461/x86_64/CMakeFiles/CMakeTmp/CheckSymbolExists.c:
/* */
#include <stddef.h>
#include <stdarg.h>
#include <stdlib.h>
#include <string.h>
#include <stdio.h>
#include <wchar.h>
#include <float.h>

int main(int argc, char** argv)
{
  (void)argv;
#ifndef wcsdup
  return ((int*)(&wcsdup))[argc];
#else
  (void)argc;
  return 0;
#endif
}
Determining if the wcslcat exist passed with the following output:
Change Dir: /home/varzonelp/PROYECTOS/GDSRC/gd-web-decompiled/android/app/.cxx/Debug/k5041461/x86_64/CMakeFiles/CMakeTmp

Run Build Command(s):/home/varzonelp/Android/Sdk/cmake/3.22.1/bin/ninja cmTC_4b294 && [1/2] Building C object CMakeFiles/cmTC_4b294.dir/CheckSymbolExists.c.o
[2/2] Linking C executable cmTC_4b294


File /home/varzonelp/PROYECTOS/GDSRC/gd-web-decompiled/android/app/.cxx/Debug/k5041461/x86_64/CMakeFiles/CMakeTmp/CheckSymbolExists.c:
/* */
#include <stddef.h>
#include <stdarg.h>
#include <stdlib.h>
#include <string.h>
#include <stdio.h>
#include <wchar.h>
#include <float.h>

int main(int argc, char** argv)
{
  (void)argv;
#ifndef wcslcat
  return ((int*)(&wcslcat))[argc];
#else
  (void)argc;
  return 0;
#endif
}
Determining if the wcslcpy exist passed with the following output:
Change Dir: /home/varzonelp/PROYECTOS/GDSRC/gd-web-decompiled/android/app/.cxx/Debug/k5041461/x86_64/CMakeFiles/CMakeTmp

Run Build Command(s):/home/varzonelp/Android/Sdk/cmake/3.22.1/bin/ninja cmTC_24dda && [1/2] Building C object CMakeFiles/cmTC_24dda.dir/CheckSymbolExists.c.o
[2/2] Linking C executable cmTC_24dda


File /home/varzonelp/PROYECTOS/GDSRC/gd-web-decompiled/android/app/.cxx/Debug/k5041461/x86_64/CMakeFiles/CMakeTmp/CheckSymbolExists.c:
/* */
#include <stddef.h>
#include <stdarg.h>
#include <stdlib.h>
#include <string.h>
#include <stdio.h>
#include <wchar.h>
#include <float.h>

int main(int argc, char** argv)
{
  (void)argv;
#ifndef wcslcpy
  return ((int*)(&wcslcpy))[argc];
#else
  (void)argc;
  return 0;
#endif
}
Determining if the wcslen exist passed with the following output:
Change Dir: /home/varzonelp/PROYECTOS/GDSRC/gd-web-decompiled/android/app/.cxx/Debug/k5041461/x86_64/CMakeFiles/CMakeTmp

Run Build Command(s):/home/varzonelp/Android/Sdk/cmake/3.22.1/bin/ninja cmTC_127d2 && [1/2] Building C object CMakeFiles/cmTC_127d2.dir/CheckSymbolExists.c.o
[2/2] Linking C executable cmTC_127d2


File /home/varzonelp/PROYECTOS/GDSRC/gd-web-decompiled/android/app/.cxx/Debug/k5041461/x86_64/CMakeFiles/CMakeTmp/CheckSymbolExists.c:
/* */
#include <stddef.h>
#include <stdarg.h>
#include <stdlib.h>
#include <string.h>
#include <stdio.h>
#include <wchar.h>
#include <float.h>

int main(int argc, char** argv)
{
  (void)argv;
#ifndef wcslen
  return ((int*)(&wcslen))[argc];
#else
  (void)argc;
  return 0;
#endif
}
Determining if the wcsncmp exist passed with the following output:
Change Dir: /home/varzonelp/PROYECTOS/GDSRC/gd-web-decompiled/android/app/.cxx/Debug/k5041461/x86_64/CMakeFiles/CMakeTmp

Run Build Command(s):/home/varzonelp/Android/Sdk/cmake/3.22.1/bin/ninja cmTC_1bc71 && [1/2] Building C object CMakeFiles/cmTC_1bc71.dir/CheckSymbolExists.c.o
[2/2] Linking C executable cmTC_1bc71


File /home/varzonelp/PROYECTOS/GDSRC/gd-web-decompiled/android/app/.cxx/Debug/k5041461/x86_64/CMakeFiles/CMakeTmp/CheckSymbolExists.c:
/* */
#include <stddef.h>
#include <stdarg.h>
#include <stdlib.h>
#include <string.h>
#include <stdio.h>
#include <wchar.h>
#include <float.h>

int main(int argc, char** argv)
{
  (void)argv;
#ifndef wcsncmp
  return ((int*)(&wcsncmp))[argc];
#else
  (void)argc;
  return 0;
#endif
}
Determining if the wcsstr exist passed with the following output:
Change Dir: /home/varzonelp/PROYECTOS/GDSRC/gd-web-decompiled/android/app/.cxx/Debug/k5041461/x86_64/CMakeFiles/CMakeTmp

Run Build Command(s):/home/varzonelp/Android/Sdk/cmake/3.22.1/bin/ninja cmTC_b8a3b && [1/2] Building C object CMakeFiles/cmTC_b8a3b.dir/CheckSymbolExists.c.o
[2/2] Linking C executable cmTC_b8a3b


File /home/varzonelp/PROYECTOS/GDSRC/gd-web-decompiled/android/app/.cxx/Debug/k5041461/x86_64/CMakeFiles/CMakeTmp/CheckSymbolExists.c:
/* */
#include <stddef.h>
#include <stdarg.h>
#include <stdlib.h>
#include <string.h>
#include <stdio.h>
#include <wchar.h>
#include <float.h>

int main(int argc, char** argv)
{
  (void)argv;
#ifndef wcsstr
  return ((int*)(&wcsstr))[argc];
#else
  (void)argc;
  return 0;
#endif
}
Determining if the wcscasecmp exist passed with the following output:
Change Dir: /home/varzonelp/PROYECTOS/GDSRC/gd-web-decompiled/android/app/.cxx/Debug/k5041461/x86_64/CMakeFiles/CMakeTmp

Run Build Command(s):/home/varzonelp/Android/Sdk/cmake/3.22.1/bin/ninja cmTC_224c8 && [1/2] Building C object CMakeFiles/cmTC_224c8.dir/CheckSymbolExists.c.o
[2/2] Linking C executable cmTC_224c8


File /home/varzonelp/PROYECTOS/GDSRC/gd-web-decompiled/android/app/.cxx/Debug/k5041461/x86_64/CMakeFiles/CMakeTmp/CheckSymbolExists.c:
/* */
#include <stddef.h>
#include <stdarg.h>
#include <stdlib.h>
#include <string.h>
#include <stdio.h>
#include <wchar.h>
#include <float.h>

int main(int argc, char** argv)
{
  (void)argv;
#ifndef wcscasecmp
  return ((int*)(&wcscasecmp))[argc];
#else
  (void)argc;
  return 0;
#endif
}
Determining if the wcsncasecmp exist passed with the following output:
Change Dir: /home/varzonelp/PROYECTOS/GDSRC/gd-web-decompiled/android/app/.cxx/Debug/k5041461/x86_64/CMakeFiles/CMakeTmp

Run Build Command(s):/home/varzonelp/Android/Sdk/cmake/3.22.1/bin/ninja cmTC_9641e && [1/2] Building C object CMakeFiles/cmTC_9641e.dir/CheckSymbolExists.c.o
[2/2] Linking C executable cmTC_9641e


File /home/varzonelp/PROYECTOS/GDSRC/gd-web-decompiled/android/app/.cxx/Debug/k5041461/x86_64/CMakeFiles/CMakeTmp/CheckSymbolExists.c:
/* */
#include <stddef.h>
#include <stdarg.h>
#include <stdlib.h>
#include <string.h>
#include <stdio.h>
#include <wchar.h>
#include <float.h>

int main(int argc, char** argv)
{
  (void)argv;
#ifndef wcsncasecmp
  return ((int*)(&wcsncasecmp))[argc];
#else
  (void)argc;
  return 0;
#endif
}
Determining if the sscanf exist passed with the following output:
Change Dir: /home/varzonelp/PROYECTOS/GDSRC/gd-web-decompiled/android/app/.cxx/Debug/k5041461/x86_64/CMakeFiles/CMakeTmp

Run Build Command(s):/home/varzonelp/Android/Sdk/cmake/3.22.1/bin/ninja cmTC_73b4f && [1/2] Building C object CMakeFiles/cmTC_73b4f.dir/CheckSymbolExists.c.o
[2/2] Linking C executable cmTC_73b4f


File /home/varzonelp/PROYECTOS/GDSRC/gd-web-decompiled/android/app/.cxx/Debug/k5041461/x86_64/CMakeFiles/CMakeTmp/CheckSymbolExists.c:
/* */
#include <stddef.h>
#include <stdarg.h>
#include <stdlib.h>
#include <string.h>
#include <stdio.h>
#include <wchar.h>
#include <float.h>

int main(int argc, char** argv)
{
  (void)argv;
#ifndef sscanf
  return ((int*)(&sscanf))[argc];
#else
  (void)argc;
  return 0;
#endif
}
Determining if the vsscanf exist passed with the following output:
Change Dir: /home/varzonelp/PROYECTOS/GDSRC/gd-web-decompiled/android/app/.cxx/Debug/k5041461/x86_64/CMakeFiles/CMakeTmp

Run Build Command(s):/home/varzonelp/Android/Sdk/cmake/3.22.1/bin/ninja cmTC_3b06b && [1/2] Building C object CMakeFiles/cmTC_3b06b.dir/CheckSymbolExists.c.o
[2/2] Linking C executable cmTC_3b06b


File /home/varzonelp/PROYECTOS/GDSRC/gd-web-decompiled/android/app/.cxx/Debug/k5041461/x86_64/CMakeFiles/CMakeTmp/CheckSymbolExists.c:
/* */
#include <stddef.h>
#include <stdarg.h>
#include <stdlib.h>
#include <string.h>
#include <stdio.h>
#include <wchar.h>
#include <float.h>

int main(int argc, char** argv)
{
  (void)argv;
#ifndef vsscanf
  return ((int*)(&vsscanf))[argc];
#else
  (void)argc;
  return 0;
#endif
}
Determining if the vsnprintf exist passed with the following output:
Change Dir: /home/varzonelp/PROYECTOS/GDSRC/gd-web-decompiled/android/app/.cxx/Debug/k5041461/x86_64/CMakeFiles/CMakeTmp

Run Build Command(s):/home/varzonelp/Android/Sdk/cmake/3.22.1/bin/ninja cmTC_ff78b && [1/2] Building C object CMakeFiles/cmTC_ff78b.dir/CheckSymbolExists.c.o
[2/2] Linking C executable cmTC_ff78b


File /home/varzonelp/PROYECTOS/GDSRC/gd-web-decompiled/android/app/.cxx/Debug/k5041461/x86_64/CMakeFiles/CMakeTmp/CheckSymbolExists.c:
/* */
#include <stddef.h>
#include <stdarg.h>
#include <stdlib.h>
#include <string.h>
#include <stdio.h>
#include <wchar.h>
#include <float.h>

int main(int argc, char** argv)
{
  (void)argv;
#ifndef vsnprintf
  return ((int*)(&vsnprintf))[argc];
#else
  (void)argc;
  return 0;
#endif
}
Determining if the fseeko exist passed with the following output:
Change Dir: /home/varzonelp/PROYECTOS/GDSRC/gd-web-decompiled/android/app/.cxx/Debug/k5041461/x86_64/CMakeFiles/CMakeTmp

Run Build Command(s):/home/varzonelp/Android/Sdk/cmake/3.22.1/bin/ninja cmTC_0bf16 && [1/2] Building C object CMakeFiles/cmTC_0bf16.dir/CheckSymbolExists.c.o
[2/2] Linking C executable cmTC_0bf16


File /home/varzonelp/PROYECTOS/GDSRC/gd-web-decompiled/android/app/.cxx/Debug/k5041461/x86_64/CMakeFiles/CMakeTmp/CheckSymbolExists.c:
/* */
#include <stddef.h>
#include <stdarg.h>
#include <stdlib.h>
#include <string.h>
#include <stdio.h>
#include <wchar.h>
#include <float.h>

int main(int argc, char** argv)
{
  (void)argv;
#ifndef fseeko
  return ((int*)(&fseeko))[argc];
#else
  (void)argc;
  return 0;
#endif
}
Determining if the _Exit exist passed with the following output:
Change Dir: /home/varzonelp/PROYECTOS/GDSRC/gd-web-decompiled/android/app/.cxx/Debug/k5041461/x86_64/CMakeFiles/CMakeTmp

Run Build Command(s):/home/varzonelp/Android/Sdk/cmake/3.22.1/bin/ninja cmTC_5e1d3 && [1/2] Building C object CMakeFiles/cmTC_5e1d3.dir/CheckSymbolExists.c.o
[2/2] Linking C executable cmTC_5e1d3


File /home/varzonelp/PROYECTOS/GDSRC/gd-web-decompiled/android/app/.cxx/Debug/k5041461/x86_64/CMakeFiles/CMakeTmp/CheckSymbolExists.c:
/* */
#include <stddef.h>
#include <stdarg.h>
#include <stdlib.h>
#include <string.h>
#include <stdio.h>
#include <wchar.h>
#include <float.h>

int main(int argc, char** argv)
{
  (void)argv;
#ifndef _Exit
  return ((int*)(&_Exit))[argc];
#else
  (void)argc;
  return 0;
#endif
}
Determining if the sigaction exist passed with the following output:
Change Dir: /home/varzonelp/PROYECTOS/GDSRC/gd-web-decompiled/android/app/.cxx/Debug/k5041461/x86_64/CMakeFiles/CMakeTmp

Run Build Command(s):/home/varzonelp/Android/Sdk/cmake/3.22.1/bin/ninja cmTC_08fb6 && [1/2] Building C object CMakeFiles/cmTC_08fb6.dir/CheckSymbolExists.c.o
[2/2] Linking C executable cmTC_08fb6


File /home/varzonelp/PROYECTOS/GDSRC/gd-web-decompiled/android/app/.cxx/Debug/k5041461/x86_64/CMakeFiles/CMakeTmp/CheckSymbolExists.c:
/* */
#include <signal.h>

int main(int argc, char** argv)
{
  (void)argv;
#ifndef sigaction
  return ((int*)(&sigaction))[argc];
#else
  (void)argc;
  return 0;
#endif
}
Determining if the setjmp exist passed with the following output:
Change Dir: /home/varzonelp/PROYECTOS/GDSRC/gd-web-decompiled/android/app/.cxx/Debug/k5041461/x86_64/CMakeFiles/CMakeTmp

Run Build Command(s):/home/varzonelp/Android/Sdk/cmake/3.22.1/bin/ninja cmTC_ede47 && [1/2] Building C object CMakeFiles/cmTC_ede47.dir/CheckSymbolExists.c.o
[2/2] Linking C executable cmTC_ede47


File /home/varzonelp/PROYECTOS/GDSRC/gd-web-decompiled/android/app/.cxx/Debug/k5041461/x86_64/CMakeFiles/CMakeTmp/CheckSymbolExists.c:
/* */
#include <setjmp.h>

int main(int argc, char** argv)
{
  (void)argv;
#ifndef setjmp
  return ((int*)(&setjmp))[argc];
#else
  (void)argc;
  return 0;
#endif
}
Determining if the nanosleep exist passed with the following output:
Change Dir: /home/varzonelp/PROYECTOS/GDSRC/gd-web-decompiled/android/app/.cxx/Debug/k5041461/x86_64/CMakeFiles/CMakeTmp

Run Build Command(s):/home/varzonelp/Android/Sdk/cmake/3.22.1/bin/ninja cmTC_fb560 && [1/2] Building C object CMakeFiles/cmTC_fb560.dir/CheckSymbolExists.c.o
[2/2] Linking C executable cmTC_fb560


File /home/varzonelp/PROYECTOS/GDSRC/gd-web-decompiled/android/app/.cxx/Debug/k5041461/x86_64/CMakeFiles/CMakeTmp/CheckSymbolExists.c:
/* */
#include <time.h>

int main(int argc, char** argv)
{
  (void)argv;
#ifndef nanosleep
  return ((int*)(&nanosleep))[argc];
#else
  (void)argc;
  return 0;
#endif
}
Determining if the sysconf exist passed with the following output:
Change Dir: /home/varzonelp/PROYECTOS/GDSRC/gd-web-decompiled/android/app/.cxx/Debug/k5041461/x86_64/CMakeFiles/CMakeTmp

Run Build Command(s):/home/varzonelp/Android/Sdk/cmake/3.22.1/bin/ninja cmTC_548d5 && [1/2] Building C object CMakeFiles/cmTC_548d5.dir/CheckSymbolExists.c.o
[2/2] Linking C executable cmTC_548d5


File /home/varzonelp/PROYECTOS/GDSRC/gd-web-decompiled/android/app/.cxx/Debug/k5041461/x86_64/CMakeFiles/CMakeTmp/CheckSymbolExists.c:
/* */
#include <unistd.h>

int main(int argc, char** argv)
{
  (void)argv;
#ifndef sysconf
  return ((int*)(&sysconf))[argc];
#else
  (void)argc;
  return 0;
#endif
}
Determining if the getauxval exist passed with the following output:
Change Dir: /home/varzonelp/PROYECTOS/GDSRC/gd-web-decompiled/android/app/.cxx/Debug/k5041461/x86_64/CMakeFiles/CMakeTmp

Run Build Command(s):/home/varzonelp/Android/Sdk/cmake/3.22.1/bin/ninja cmTC_635b9 && [1/2] Building C object CMakeFiles/cmTC_635b9.dir/CheckSymbolExists.c.o
[2/2] Linking C executable cmTC_635b9


File /home/varzonelp/PROYECTOS/GDSRC/gd-web-decompiled/android/app/.cxx/Debug/k5041461/x86_64/CMakeFiles/CMakeTmp/CheckSymbolExists.c:
/* */
#include <sys/auxv.h>

int main(int argc, char** argv)
{
  (void)argv;
#ifndef getauxval
  return ((int*)(&getauxval))[argc];
#else
  (void)argc;
  return 0;
#endif
}
Determining if the poll exist passed with the following output:
Change Dir: /home/varzonelp/PROYECTOS/GDSRC/gd-web-decompiled/android/app/.cxx/Debug/k5041461/x86_64/CMakeFiles/CMakeTmp

Run Build Command(s):/home/varzonelp/Android/Sdk/cmake/3.22.1/bin/ninja cmTC_fb1c3 && [1/2] Building C object CMakeFiles/cmTC_fb1c3.dir/CheckSymbolExists.c.o
[2/2] Linking C executable cmTC_fb1c3


File /home/varzonelp/PROYECTOS/GDSRC/gd-web-decompiled/android/app/.cxx/Debug/k5041461/x86_64/CMakeFiles/CMakeTmp/CheckSymbolExists.c:
/* */
#include <poll.h>

int main(int argc, char** argv)
{
  (void)argv;
#ifndef poll
  return ((int*)(&poll))[argc];
#else
  (void)argc;
  return 0;
#endif
}
Determining if the posix_fallocate exist passed with the following output:
Change Dir: /home/varzonelp/PROYECTOS/GDSRC/gd-web-decompiled/android/app/.cxx/Debug/k5041461/x86_64/CMakeFiles/CMakeTmp

Run Build Command(s):/home/varzonelp/Android/Sdk/cmake/3.22.1/bin/ninja cmTC_0ea3f && [1/2] Building C object CMakeFiles/cmTC_0ea3f.dir/CheckSymbolExists.c.o
[2/2] Linking C executable cmTC_0ea3f


File /home/varzonelp/PROYECTOS/GDSRC/gd-web-decompiled/android/app/.cxx/Debug/k5041461/x86_64/CMakeFiles/CMakeTmp/CheckSymbolExists.c:
/* */
#include <fcntl.h>

int main(int argc, char** argv)
{
  (void)argv;
#ifndef posix_fallocate
  return ((int*)(&posix_fallocate))[argc];
#else
  (void)argc;
  return 0;
#endif
}
Determining if the function pow exists in the m passed with the following output:
Change Dir: /home/varzonelp/PROYECTOS/GDSRC/gd-web-decompiled/android/app/.cxx/Debug/k5041461/x86_64/CMakeFiles/CMakeTmp

Run Build Command(s):/home/varzonelp/Android/Sdk/cmake/3.22.1/bin/ninja cmTC_1a8a1 && [1/2] Building C object CMakeFiles/cmTC_1a8a1.dir/CheckFunctionExists.c.o
/home/varzonelp/Android/Sdk/cmake/3.22.1/share/cmake-3.22/Modules/CheckFunctionExists.c:7:3: warning: incompatible redeclaration of library function 'pow' [-Wincompatible-library-redeclaration]
  CHECK_FUNCTION_EXISTS(void);
  ^
<command line>:3:31: note: expanded from macro 'CHECK_FUNCTION_EXISTS'
#define CHECK_FUNCTION_EXISTS pow
                              ^
/home/varzonelp/Android/Sdk/cmake/3.22.1/share/cmake-3.22/Modules/CheckFunctionExists.c:7:3: note: 'pow' is a builtin with type 'double (double, double)'
<command line>:3:31: note: expanded from macro 'CHECK_FUNCTION_EXISTS'
#define CHECK_FUNCTION_EXISTS pow
                              ^
1 warning generated.
[2/2] Linking C executable cmTC_1a8a1



Determining if the atan exist passed with the following output:
Change Dir: /home/varzonelp/PROYECTOS/GDSRC/gd-web-decompiled/android/app/.cxx/Debug/k5041461/x86_64/CMakeFiles/CMakeTmp

Run Build Command(s):/home/varzonelp/Android/Sdk/cmake/3.22.1/bin/ninja cmTC_94209 && [1/2] Building C object CMakeFiles/cmTC_94209.dir/CheckSymbolExists.c.o
[2/2] Linking C executable cmTC_94209


File /home/varzonelp/PROYECTOS/GDSRC/gd-web-decompiled/android/app/.cxx/Debug/k5041461/x86_64/CMakeFiles/CMakeTmp/CheckSymbolExists.c:
/* */
#include <math.h>

int main(int argc, char** argv)
{
  (void)argv;
#ifndef atan
  return ((int*)(&atan))[argc];
#else
  (void)argc;
  return 0;
#endif
}
Determining if the atan2 exist passed with the following output:
Change Dir: /home/varzonelp/PROYECTOS/GDSRC/gd-web-decompiled/android/app/.cxx/Debug/k5041461/x86_64/CMakeFiles/CMakeTmp

Run Build Command(s):/home/varzonelp/Android/Sdk/cmake/3.22.1/bin/ninja cmTC_bd1ff && [1/2] Building C object CMakeFiles/cmTC_bd1ff.dir/CheckSymbolExists.c.o
[2/2] Linking C executable cmTC_bd1ff


File /home/varzonelp/PROYECTOS/GDSRC/gd-web-decompiled/android/app/.cxx/Debug/k5041461/x86_64/CMakeFiles/CMakeTmp/CheckSymbolExists.c:
/* */
#include <math.h>

int main(int argc, char** argv)
{
  (void)argv;
#ifndef atan2
  return ((int*)(&atan2))[argc];
#else
  (void)argc;
  return 0;
#endif
}
Determining if the atanf exist passed with the following output:
Change Dir: /home/varzonelp/PROYECTOS/GDSRC/gd-web-decompiled/android/app/.cxx/Debug/k5041461/x86_64/CMakeFiles/CMakeTmp

Run Build Command(s):/home/varzonelp/Android/Sdk/cmake/3.22.1/bin/ninja cmTC_0b569 && [1/2] Building C object CMakeFiles/cmTC_0b569.dir/CheckSymbolExists.c.o
[2/2] Linking C executable cmTC_0b569


File /home/varzonelp/PROYECTOS/GDSRC/gd-web-decompiled/android/app/.cxx/Debug/k5041461/x86_64/CMakeFiles/CMakeTmp/CheckSymbolExists.c:
/* */
#include <math.h>

int main(int argc, char** argv)
{
  (void)argv;
#ifndef atanf
  return ((int*)(&atanf))[argc];
#else
  (void)argc;
  return 0;
#endif
}
Determining if the atan2f exist passed with the following output:
Change Dir: /home/varzonelp/PROYECTOS/GDSRC/gd-web-decompiled/android/app/.cxx/Debug/k5041461/x86_64/CMakeFiles/CMakeTmp

Run Build Command(s):/home/varzonelp/Android/Sdk/cmake/3.22.1/bin/ninja cmTC_a4822 && [1/2] Building C object CMakeFiles/cmTC_a4822.dir/CheckSymbolExists.c.o
[2/2] Linking C executable cmTC_a4822


File /home/varzonelp/PROYECTOS/GDSRC/gd-web-decompiled/android/app/.cxx/Debug/k5041461/x86_64/CMakeFiles/CMakeTmp/CheckSymbolExists.c:
/* */
#include <math.h>

int main(int argc, char** argv)
{
  (void)argv;
#ifndef atan2f
  return ((int*)(&atan2f))[argc];
#else
  (void)argc;
  return 0;
#endif
}
Determining if the ceil exist passed with the following output:
Change Dir: /home/varzonelp/PROYECTOS/GDSRC/gd-web-decompiled/android/app/.cxx/Debug/k5041461/x86_64/CMakeFiles/CMakeTmp

Run Build Command(s):/home/varzonelp/Android/Sdk/cmake/3.22.1/bin/ninja cmTC_76507 && [1/2] Building C object CMakeFiles/cmTC_76507.dir/CheckSymbolExists.c.o
[2/2] Linking C executable cmTC_76507


File /home/varzonelp/PROYECTOS/GDSRC/gd-web-decompiled/android/app/.cxx/Debug/k5041461/x86_64/CMakeFiles/CMakeTmp/CheckSymbolExists.c:
/* */
#include <math.h>

int main(int argc, char** argv)
{
  (void)argv;
#ifndef ceil
  return ((int*)(&ceil))[argc];
#else
  (void)argc;
  return 0;
#endif
}
Determining if the ceilf exist passed with the following output:
Change Dir: /home/varzonelp/PROYECTOS/GDSRC/gd-web-decompiled/android/app/.cxx/Debug/k5041461/x86_64/CMakeFiles/CMakeTmp

Run Build Command(s):/home/varzonelp/Android/Sdk/cmake/3.22.1/bin/ninja cmTC_2ade1 && [1/2] Building C object CMakeFiles/cmTC_2ade1.dir/CheckSymbolExists.c.o
[2/2] Linking C executable cmTC_2ade1


File /home/varzonelp/PROYECTOS/GDSRC/gd-web-decompiled/android/app/.cxx/Debug/k5041461/x86_64/CMakeFiles/CMakeTmp/CheckSymbolExists.c:
/* */
#include <math.h>

int main(int argc, char** argv)
{
  (void)argv;
#ifndef ceilf
  return ((int*)(&ceilf))[argc];
#else
  (void)argc;
  return 0;
#endif
}
Determining if the copysign exist passed with the following output:
Change Dir: /home/varzonelp/PROYECTOS/GDSRC/gd-web-decompiled/android/app/.cxx/Debug/k5041461/x86_64/CMakeFiles/CMakeTmp

Run Build Command(s):/home/varzonelp/Android/Sdk/cmake/3.22.1/bin/ninja cmTC_ed608 && [1/2] Building C object CMakeFiles/cmTC_ed608.dir/CheckSymbolExists.c.o
[2/2] Linking C executable cmTC_ed608


File /home/varzonelp/PROYECTOS/GDSRC/gd-web-decompiled/android/app/.cxx/Debug/k5041461/x86_64/CMakeFiles/CMakeTmp/CheckSymbolExists.c:
/* */
#include <math.h>

int main(int argc, char** argv)
{
  (void)argv;
#ifndef copysign
  return ((int*)(&copysign))[argc];
#else
  (void)argc;
  return 0;
#endif
}
Determining if the copysignf exist passed with the following output:
Change Dir: /home/varzonelp/PROYECTOS/GDSRC/gd-web-decompiled/android/app/.cxx/Debug/k5041461/x86_64/CMakeFiles/CMakeTmp

Run Build Command(s):/home/varzonelp/Android/Sdk/cmake/3.22.1/bin/ninja cmTC_4ec2d && [1/2] Building C object CMakeFiles/cmTC_4ec2d.dir/CheckSymbolExists.c.o
[2/2] Linking C executable cmTC_4ec2d


File /home/varzonelp/PROYECTOS/GDSRC/gd-web-decompiled/android/app/.cxx/Debug/k5041461/x86_64/CMakeFiles/CMakeTmp/CheckSymbolExists.c:
/* */
#include <math.h>

int main(int argc, char** argv)
{
  (void)argv;
#ifndef copysignf
  return ((int*)(&copysignf))[argc];
#else
  (void)argc;
  return 0;
#endif
}
Determining if the cos exist passed with the following output:
Change Dir: /home/varzonelp/PROYECTOS/GDSRC/gd-web-decompiled/android/app/.cxx/Debug/k5041461/x86_64/CMakeFiles/CMakeTmp

Run Build Command(s):/home/varzonelp/Android/Sdk/cmake/3.22.1/bin/ninja cmTC_87581 && [1/2] Building C object CMakeFiles/cmTC_87581.dir/CheckSymbolExists.c.o
[2/2] Linking C executable cmTC_87581


File /home/varzonelp/PROYECTOS/GDSRC/gd-web-decompiled/android/app/.cxx/Debug/k5041461/x86_64/CMakeFiles/CMakeTmp/CheckSymbolExists.c:
/* */
#include <math.h>

int main(int argc, char** argv)
{
  (void)argv;
#ifndef cos
  return ((int*)(&cos))[argc];
#else
  (void)argc;
  return 0;
#endif
}
Determining if the cosf exist passed with the following output:
Change Dir: /home/varzonelp/PROYECTOS/GDSRC/gd-web-decompiled/android/app/.cxx/Debug/k5041461/x86_64/CMakeFiles/CMakeTmp

Run Build Command(s):/home/varzonelp/Android/Sdk/cmake/3.22.1/bin/ninja cmTC_5b1c5 && [1/2] Building C object CMakeFiles/cmTC_5b1c5.dir/CheckSymbolExists.c.o
[2/2] Linking C executable cmTC_5b1c5


File /home/varzonelp/PROYECTOS/GDSRC/gd-web-decompiled/android/app/.cxx/Debug/k5041461/x86_64/CMakeFiles/CMakeTmp/CheckSymbolExists.c:
/* */
#include <math.h>

int main(int argc, char** argv)
{
  (void)argv;
#ifndef cosf
  return ((int*)(&cosf))[argc];
#else
  (void)argc;
  return 0;
#endif
}
Determining if the exp exist passed with the following output:
Change Dir: /home/varzonelp/PROYECTOS/GDSRC/gd-web-decompiled/android/app/.cxx/Debug/k5041461/x86_64/CMakeFiles/CMakeTmp

Run Build Command(s):/home/varzonelp/Android/Sdk/cmake/3.22.1/bin/ninja cmTC_53128 && [1/2] Building C object CMakeFiles/cmTC_53128.dir/CheckSymbolExists.c.o
[2/2] Linking C executable cmTC_53128


File /home/varzonelp/PROYECTOS/GDSRC/gd-web-decompiled/android/app/.cxx/Debug/k5041461/x86_64/CMakeFiles/CMakeTmp/CheckSymbolExists.c:
/* */
#include <math.h>

int main(int argc, char** argv)
{
  (void)argv;
#ifndef exp
  return ((int*)(&exp))[argc];
#else
  (void)argc;
  return 0;
#endif
}
Determining if the expf exist passed with the following output:
Change Dir: /home/varzonelp/PROYECTOS/GDSRC/gd-web-decompiled/android/app/.cxx/Debug/k5041461/x86_64/CMakeFiles/CMakeTmp

Run Build Command(s):/home/varzonelp/Android/Sdk/cmake/3.22.1/bin/ninja cmTC_e5e5a && [1/2] Building C object CMakeFiles/cmTC_e5e5a.dir/CheckSymbolExists.c.o
[2/2] Linking C executable cmTC_e5e5a


File /home/varzonelp/PROYECTOS/GDSRC/gd-web-decompiled/android/app/.cxx/Debug/k5041461/x86_64/CMakeFiles/CMakeTmp/CheckSymbolExists.c:
/* */
#include <math.h>

int main(int argc, char** argv)
{
  (void)argv;
#ifndef expf
  return ((int*)(&expf))[argc];
#else
  (void)argc;
  return 0;
#endif
}
Determining if the fabs exist passed with the following output:
Change Dir: /home/varzonelp/PROYECTOS/GDSRC/gd-web-decompiled/android/app/.cxx/Debug/k5041461/x86_64/CMakeFiles/CMakeTmp

Run Build Command(s):/home/varzonelp/Android/Sdk/cmake/3.22.1/bin/ninja cmTC_a4add && [1/2] Building C object CMakeFiles/cmTC_a4add.dir/CheckSymbolExists.c.o
[2/2] Linking C executable cmTC_a4add


File /home/varzonelp/PROYECTOS/GDSRC/gd-web-decompiled/android/app/.cxx/Debug/k5041461/x86_64/CMakeFiles/CMakeTmp/CheckSymbolExists.c:
/* */
#include <math.h>

int main(int argc, char** argv)
{
  (void)argv;
#ifndef fabs
  return ((int*)(&fabs))[argc];
#else
  (void)argc;
  return 0;
#endif
}
Determining if the fabsf exist passed with the following output:
Change Dir: /home/varzonelp/PROYECTOS/GDSRC/gd-web-decompiled/android/app/.cxx/Debug/k5041461/x86_64/CMakeFiles/CMakeTmp

Run Build Command(s):/home/varzonelp/Android/Sdk/cmake/3.22.1/bin/ninja cmTC_319bb && [1/2] Building C object CMakeFiles/cmTC_319bb.dir/CheckSymbolExists.c.o
[2/2] Linking C executable cmTC_319bb


File /home/varzonelp/PROYECTOS/GDSRC/gd-web-decompiled/android/app/.cxx/Debug/k5041461/x86_64/CMakeFiles/CMakeTmp/CheckSymbolExists.c:
/* */
#include <math.h>

int main(int argc, char** argv)
{
  (void)argv;
#ifndef fabsf
  return ((int*)(&fabsf))[argc];
#else
  (void)argc;
  return 0;
#endif
}
Determining if the floor exist passed with the following output:
Change Dir: /home/varzonelp/PROYECTOS/GDSRC/gd-web-decompiled/android/app/.cxx/Debug/k5041461/x86_64/CMakeFiles/CMakeTmp

Run Build Command(s):/home/varzonelp/Android/Sdk/cmake/3.22.1/bin/ninja cmTC_fc874 && [1/2] Building C object CMakeFiles/cmTC_fc874.dir/CheckSymbolExists.c.o
[2/2] Linking C executable cmTC_fc874


File /home/varzonelp/PROYECTOS/GDSRC/gd-web-decompiled/android/app/.cxx/Debug/k5041461/x86_64/CMakeFiles/CMakeTmp/CheckSymbolExists.c:
/* */
#include <math.h>

int main(int argc, char** argv)
{
  (void)argv;
#ifndef floor
  return ((int*)(&floor))[argc];
#else
  (void)argc;
  return 0;
#endif
}
Determining if the floorf exist passed with the following output:
Change Dir: /home/varzonelp/PROYECTOS/GDSRC/gd-web-decompiled/android/app/.cxx/Debug/k5041461/x86_64/CMakeFiles/CMakeTmp

Run Build Command(s):/home/varzonelp/Android/Sdk/cmake/3.22.1/bin/ninja cmTC_00363 && [1/2] Building C object CMakeFiles/cmTC_00363.dir/CheckSymbolExists.c.o
[2/2] Linking C executable cmTC_00363


File /home/varzonelp/PROYECTOS/GDSRC/gd-web-decompiled/android/app/.cxx/Debug/k5041461/x86_64/CMakeFiles/CMakeTmp/CheckSymbolExists.c:
/* */
#include <math.h>

int main(int argc, char** argv)
{
  (void)argv;
#ifndef floorf
  return ((int*)(&floorf))[argc];
#else
  (void)argc;
  return 0;
#endif
}
Determining if the fmod exist passed with the following output:
Change Dir: /home/varzonelp/PROYECTOS/GDSRC/gd-web-decompiled/android/app/.cxx/Debug/k5041461/x86_64/CMakeFiles/CMakeTmp

Run Build Command(s):/home/varzonelp/Android/Sdk/cmake/3.22.1/bin/ninja cmTC_af35a && [1/2] Building C object CMakeFiles/cmTC_af35a.dir/CheckSymbolExists.c.o
[2/2] Linking C executable cmTC_af35a


File /home/varzonelp/PROYECTOS/GDSRC/gd-web-decompiled/android/app/.cxx/Debug/k5041461/x86_64/CMakeFiles/CMakeTmp/CheckSymbolExists.c:
/* */
#include <math.h>

int main(int argc, char** argv)
{
  (void)argv;
#ifndef fmod
  return ((int*)(&fmod))[argc];
#else
  (void)argc;
  return 0;
#endif
}
Determining if the fmodf exist passed with the following output:
Change Dir: /home/varzonelp/PROYECTOS/GDSRC/gd-web-decompiled/android/app/.cxx/Debug/k5041461/x86_64/CMakeFiles/CMakeTmp

Run Build Command(s):/home/varzonelp/Android/Sdk/cmake/3.22.1/bin/ninja cmTC_5fc54 && [1/2] Building C object CMakeFiles/cmTC_5fc54.dir/CheckSymbolExists.c.o
[2/2] Linking C executable cmTC_5fc54


File /home/varzonelp/PROYECTOS/GDSRC/gd-web-decompiled/android/app/.cxx/Debug/k5041461/x86_64/CMakeFiles/CMakeTmp/CheckSymbolExists.c:
/* */
#include <math.h>

int main(int argc, char** argv)
{
  (void)argv;
#ifndef fmodf
  return ((int*)(&fmodf))[argc];
#else
  (void)argc;
  return 0;
#endif
}
Determining if the log exist passed with the following output:
Change Dir: /home/varzonelp/PROYECTOS/GDSRC/gd-web-decompiled/android/app/.cxx/Debug/k5041461/x86_64/CMakeFiles/CMakeTmp

Run Build Command(s):/home/varzonelp/Android/Sdk/cmake/3.22.1/bin/ninja cmTC_69c8a && [1/2] Building C object CMakeFiles/cmTC_69c8a.dir/CheckSymbolExists.c.o
[2/2] Linking C executable cmTC_69c8a


File /home/varzonelp/PROYECTOS/GDSRC/gd-web-decompiled/android/app/.cxx/Debug/k5041461/x86_64/CMakeFiles/CMakeTmp/CheckSymbolExists.c:
/* */
#include <math.h>

int main(int argc, char** argv)
{
  (void)argv;
#ifndef log
  return ((int*)(&log))[argc];
#else
  (void)argc;
  return 0;
#endif
}
Determining if the logf exist passed with the following output:
Change Dir: /home/varzonelp/PROYECTOS/GDSRC/gd-web-decompiled/android/app/.cxx/Debug/k5041461/x86_64/CMakeFiles/CMakeTmp

Run Build Command(s):/home/varzonelp/Android/Sdk/cmake/3.22.1/bin/ninja cmTC_6f9d6 && [1/2] Building C object CMakeFiles/cmTC_6f9d6.dir/CheckSymbolExists.c.o
[2/2] Linking C executable cmTC_6f9d6


File /home/varzonelp/PROYECTOS/GDSRC/gd-web-decompiled/android/app/.cxx/Debug/k5041461/x86_64/CMakeFiles/CMakeTmp/CheckSymbolExists.c:
/* */
#include <math.h>

int main(int argc, char** argv)
{
  (void)argv;
#ifndef logf
  return ((int*)(&logf))[argc];
#else
  (void)argc;
  return 0;
#endif
}
Determining if the log10 exist passed with the following output:
Change Dir: /home/varzonelp/PROYECTOS/GDSRC/gd-web-decompiled/android/app/.cxx/Debug/k5041461/x86_64/CMakeFiles/CMakeTmp

Run Build Command(s):/home/varzonelp/Android/Sdk/cmake/3.22.1/bin/ninja cmTC_6a2af && [1/2] Building C object CMakeFiles/cmTC_6a2af.dir/CheckSymbolExists.c.o
[2/2] Linking C executable cmTC_6a2af


File /home/varzonelp/PROYECTOS/GDSRC/gd-web-decompiled/android/app/.cxx/Debug/k5041461/x86_64/CMakeFiles/CMakeTmp/CheckSymbolExists.c:
/* */
#include <math.h>

int main(int argc, char** argv)
{
  (void)argv;
#ifndef log10
  return ((int*)(&log10))[argc];
#else
  (void)argc;
  return 0;
#endif
}
Determining if the log10f exist passed with the following output:
Change Dir: /home/varzonelp/PROYECTOS/GDSRC/gd-web-decompiled/android/app/.cxx/Debug/k5041461/x86_64/CMakeFiles/CMakeTmp

Run Build Command(s):/home/varzonelp/Android/Sdk/cmake/3.22.1/bin/ninja cmTC_a3c79 && [1/2] Building C object CMakeFiles/cmTC_a3c79.dir/CheckSymbolExists.c.o
[2/2] Linking C executable cmTC_a3c79


File /home/varzonelp/PROYECTOS/GDSRC/gd-web-decompiled/android/app/.cxx/Debug/k5041461/x86_64/CMakeFiles/CMakeTmp/CheckSymbolExists.c:
/* */
#include <math.h>

int main(int argc, char** argv)
{
  (void)argv;
#ifndef log10f
  return ((int*)(&log10f))[argc];
#else
  (void)argc;
  return 0;
#endif
}
Determining if the lround exist passed with the following output:
Change Dir: /home/varzonelp/PROYECTOS/GDSRC/gd-web-decompiled/android/app/.cxx/Debug/k5041461/x86_64/CMakeFiles/CMakeTmp

Run Build Command(s):/home/varzonelp/Android/Sdk/cmake/3.22.1/bin/ninja cmTC_195c0 && [1/2] Building C object CMakeFiles/cmTC_195c0.dir/CheckSymbolExists.c.o
[2/2] Linking C executable cmTC_195c0


File /home/varzonelp/PROYECTOS/GDSRC/gd-web-decompiled/android/app/.cxx/Debug/k5041461/x86_64/CMakeFiles/CMakeTmp/CheckSymbolExists.c:
/* */
#include <math.h>

int main(int argc, char** argv)
{
  (void)argv;
#ifndef lround
  return ((int*)(&lround))[argc];
#else
  (void)argc;
  return 0;
#endif
}
Determining if the lroundf exist passed with the following output:
Change Dir: /home/varzonelp/PROYECTOS/GDSRC/gd-web-decompiled/android/app/.cxx/Debug/k5041461/x86_64/CMakeFiles/CMakeTmp

Run Build Command(s):/home/varzonelp/Android/Sdk/cmake/3.22.1/bin/ninja cmTC_32980 && [1/2] Building C object CMakeFiles/cmTC_32980.dir/CheckSymbolExists.c.o
[2/2] Linking C executable cmTC_32980


File /home/varzonelp/PROYECTOS/GDSRC/gd-web-decompiled/android/app/.cxx/Debug/k5041461/x86_64/CMakeFiles/CMakeTmp/CheckSymbolExists.c:
/* */
#include <math.h>

int main(int argc, char** argv)
{
  (void)argv;
#ifndef lroundf
  return ((int*)(&lroundf))[argc];
#else
  (void)argc;
  return 0;
#endif
}
Determining if the pow exist passed with the following output:
Change Dir: /home/varzonelp/PROYECTOS/GDSRC/gd-web-decompiled/android/app/.cxx/Debug/k5041461/x86_64/CMakeFiles/CMakeTmp

Run Build Command(s):/home/varzonelp/Android/Sdk/cmake/3.22.1/bin/ninja cmTC_e10c5 && [1/2] Building C object CMakeFiles/cmTC_e10c5.dir/CheckSymbolExists.c.o
[2/2] Linking C executable cmTC_e10c5


File /home/varzonelp/PROYECTOS/GDSRC/gd-web-decompiled/android/app/.cxx/Debug/k5041461/x86_64/CMakeFiles/CMakeTmp/CheckSymbolExists.c:
/* */
#include <math.h>

int main(int argc, char** argv)
{
  (void)argv;
#ifndef pow
  return ((int*)(&pow))[argc];
#else
  (void)argc;
  return 0;
#endif
}
Determining if the powf exist passed with the following output:
Change Dir: /home/varzonelp/PROYECTOS/GDSRC/gd-web-decompiled/android/app/.cxx/Debug/k5041461/x86_64/CMakeFiles/CMakeTmp

Run Build Command(s):/home/varzonelp/Android/Sdk/cmake/3.22.1/bin/ninja cmTC_0b909 && [1/2] Building C object CMakeFiles/cmTC_0b909.dir/CheckSymbolExists.c.o
[2/2] Linking C executable cmTC_0b909


File /home/varzonelp/PROYECTOS/GDSRC/gd-web-decompiled/android/app/.cxx/Debug/k5041461/x86_64/CMakeFiles/CMakeTmp/CheckSymbolExists.c:
/* */
#include <math.h>

int main(int argc, char** argv)
{
  (void)argv;
#ifndef powf
  return ((int*)(&powf))[argc];
#else
  (void)argc;
  return 0;
#endif
}
Determining if the round exist passed with the following output:
Change Dir: /home/varzonelp/PROYECTOS/GDSRC/gd-web-decompiled/android/app/.cxx/Debug/k5041461/x86_64/CMakeFiles/CMakeTmp

Run Build Command(s):/home/varzonelp/Android/Sdk/cmake/3.22.1/bin/ninja cmTC_d53a4 && [1/2] Building C object CMakeFiles/cmTC_d53a4.dir/CheckSymbolExists.c.o
[2/2] Linking C executable cmTC_d53a4


File /home/varzonelp/PROYECTOS/GDSRC/gd-web-decompiled/android/app/.cxx/Debug/k5041461/x86_64/CMakeFiles/CMakeTmp/CheckSymbolExists.c:
/* */
#include <math.h>

int main(int argc, char** argv)
{
  (void)argv;
#ifndef round
  return ((int*)(&round))[argc];
#else
  (void)argc;
  return 0;
#endif
}
Determining if the roundf exist passed with the following output:
Change Dir: /home/varzonelp/PROYECTOS/GDSRC/gd-web-decompiled/android/app/.cxx/Debug/k5041461/x86_64/CMakeFiles/CMakeTmp

Run Build Command(s):/home/varzonelp/Android/Sdk/cmake/3.22.1/bin/ninja cmTC_e57b1 && [1/2] Building C object CMakeFiles/cmTC_e57b1.dir/CheckSymbolExists.c.o
[2/2] Linking C executable cmTC_e57b1


File /home/varzonelp/PROYECTOS/GDSRC/gd-web-decompiled/android/app/.cxx/Debug/k5041461/x86_64/CMakeFiles/CMakeTmp/CheckSymbolExists.c:
/* */
#include <math.h>

int main(int argc, char** argv)
{
  (void)argv;
#ifndef roundf
  return ((int*)(&roundf))[argc];
#else
  (void)argc;
  return 0;
#endif
}
Determining if the scalbn exist passed with the following output:
Change Dir: /home/varzonelp/PROYECTOS/GDSRC/gd-web-decompiled/android/app/.cxx/Debug/k5041461/x86_64/CMakeFiles/CMakeTmp

Run Build Command(s):/home/varzonelp/Android/Sdk/cmake/3.22.1/bin/ninja cmTC_2314b && [1/2] Building C object CMakeFiles/cmTC_2314b.dir/CheckSymbolExists.c.o
[2/2] Linking C executable cmTC_2314b


File /home/varzonelp/PROYECTOS/GDSRC/gd-web-decompiled/android/app/.cxx/Debug/k5041461/x86_64/CMakeFiles/CMakeTmp/CheckSymbolExists.c:
/* */
#include <math.h>

int main(int argc, char** argv)
{
  (void)argv;
#ifndef scalbn
  return ((int*)(&scalbn))[argc];
#else
  (void)argc;
  return 0;
#endif
}
Determining if the scalbnf exist passed with the following output:
Change Dir: /home/varzonelp/PROYECTOS/GDSRC/gd-web-decompiled/android/app/.cxx/Debug/k5041461/x86_64/CMakeFiles/CMakeTmp

Run Build Command(s):/home/varzonelp/Android/Sdk/cmake/3.22.1/bin/ninja cmTC_46278 && [1/2] Building C object CMakeFiles/cmTC_46278.dir/CheckSymbolExists.c.o
[2/2] Linking C executable cmTC_46278


File /home/varzonelp/PROYECTOS/GDSRC/gd-web-decompiled/android/app/.cxx/Debug/k5041461/x86_64/CMakeFiles/CMakeTmp/CheckSymbolExists.c:
/* */
#include <math.h>

int main(int argc, char** argv)
{
  (void)argv;
#ifndef scalbnf
  return ((int*)(&scalbnf))[argc];
#else
  (void)argc;
  return 0;
#endif
}
Determining if the sin exist passed with the following output:
Change Dir: /home/varzonelp/PROYECTOS/GDSRC/gd-web-decompiled/android/app/.cxx/Debug/k5041461/x86_64/CMakeFiles/CMakeTmp

Run Build Command(s):/home/varzonelp/Android/Sdk/cmake/3.22.1/bin/ninja cmTC_e9dc0 && [1/2] Building C object CMakeFiles/cmTC_e9dc0.dir/CheckSymbolExists.c.o
[2/2] Linking C executable cmTC_e9dc0


File /home/varzonelp/PROYECTOS/GDSRC/gd-web-decompiled/android/app/.cxx/Debug/k5041461/x86_64/CMakeFiles/CMakeTmp/CheckSymbolExists.c:
/* */
#include <math.h>

int main(int argc, char** argv)
{
  (void)argv;
#ifndef sin
  return ((int*)(&sin))[argc];
#else
  (void)argc;
  return 0;
#endif
}
Determining if the sinf exist passed with the following output:
Change Dir: /home/varzonelp/PROYECTOS/GDSRC/gd-web-decompiled/android/app/.cxx/Debug/k5041461/x86_64/CMakeFiles/CMakeTmp

Run Build Command(s):/home/varzonelp/Android/Sdk/cmake/3.22.1/bin/ninja cmTC_13af3 && [1/2] Building C object CMakeFiles/cmTC_13af3.dir/CheckSymbolExists.c.o
[2/2] Linking C executable cmTC_13af3


File /home/varzonelp/PROYECTOS/GDSRC/gd-web-decompiled/android/app/.cxx/Debug/k5041461/x86_64/CMakeFiles/CMakeTmp/CheckSymbolExists.c:
/* */
#include <math.h>

int main(int argc, char** argv)
{
  (void)argv;
#ifndef sinf
  return ((int*)(&sinf))[argc];
#else
  (void)argc;
  return 0;
#endif
}
Determining if the sqrt exist passed with the following output:
Change Dir: /home/varzonelp/PROYECTOS/GDSRC/gd-web-decompiled/android/app/.cxx/Debug/k5041461/x86_64/CMakeFiles/CMakeTmp

Run Build Command(s):/home/varzonelp/Android/Sdk/cmake/3.22.1/bin/ninja cmTC_6ca3a && [1/2] Building C object CMakeFiles/cmTC_6ca3a.dir/CheckSymbolExists.c.o
[2/2] Linking C executable cmTC_6ca3a


File /home/varzonelp/PROYECTOS/GDSRC/gd-web-decompiled/android/app/.cxx/Debug/k5041461/x86_64/CMakeFiles/CMakeTmp/CheckSymbolExists.c:
/* */
#include <math.h>

int main(int argc, char** argv)
{
  (void)argv;
#ifndef sqrt
  return ((int*)(&sqrt))[argc];
#else
  (void)argc;
  return 0;
#endif
}
Determining if the sqrtf exist passed with the following output:
Change Dir: /home/varzonelp/PROYECTOS/GDSRC/gd-web-decompiled/android/app/.cxx/Debug/k5041461/x86_64/CMakeFiles/CMakeTmp

Run Build Command(s):/home/varzonelp/Android/Sdk/cmake/3.22.1/bin/ninja cmTC_1e1f8 && [1/2] Building C object CMakeFiles/cmTC_1e1f8.dir/CheckSymbolExists.c.o
[2/2] Linking C executable cmTC_1e1f8


File /home/varzonelp/PROYECTOS/GDSRC/gd-web-decompiled/android/app/.cxx/Debug/k5041461/x86_64/CMakeFiles/CMakeTmp/CheckSymbolExists.c:
/* */
#include <math.h>

int main(int argc, char** argv)
{
  (void)argv;
#ifndef sqrtf
  return ((int*)(&sqrtf))[argc];
#else
  (void)argc;
  return 0;
#endif
}
Determining if the tan exist passed with the following output:
Change Dir: /home/varzonelp/PROYECTOS/GDSRC/gd-web-decompiled/android/app/.cxx/Debug/k5041461/x86_64/CMakeFiles/CMakeTmp

Run Build Command(s):/home/varzonelp/Android/Sdk/cmake/3.22.1/bin/ninja cmTC_2cac0 && [1/2] Building C object CMakeFiles/cmTC_2cac0.dir/CheckSymbolExists.c.o
[2/2] Linking C executable cmTC_2cac0


File /home/varzonelp/PROYECTOS/GDSRC/gd-web-decompiled/android/app/.cxx/Debug/k5041461/x86_64/CMakeFiles/CMakeTmp/CheckSymbolExists.c:
/* */
#include <math.h>

int main(int argc, char** argv)
{
  (void)argv;
#ifndef tan
  return ((int*)(&tan))[argc];
#else
  (void)argc;
  return 0;
#endif
}
Determining if the tanf exist passed with the following output:
Change Dir: /home/varzonelp/PROYECTOS/GDSRC/gd-web-decompiled/android/app/.cxx/Debug/k5041461/x86_64/CMakeFiles/CMakeTmp

Run Build Command(s):/home/varzonelp/Android/Sdk/cmake/3.22.1/bin/ninja cmTC_b5847 && [1/2] Building C object CMakeFiles/cmTC_b5847.dir/CheckSymbolExists.c.o
[2/2] Linking C executable cmTC_b5847


File /home/varzonelp/PROYECTOS/GDSRC/gd-web-decompiled/android/app/.cxx/Debug/k5041461/x86_64/CMakeFiles/CMakeTmp/CheckSymbolExists.c:
/* */
#include <math.h>

int main(int argc, char** argv)
{
  (void)argv;
#ifndef tanf
  return ((int*)(&tanf))[argc];
#else
  (void)argc;
  return 0;
#endif
}
Determining if the acos exist passed with the following output:
Change Dir: /home/varzonelp/PROYECTOS/GDSRC/gd-web-decompiled/android/app/.cxx/Debug/k5041461/x86_64/CMakeFiles/CMakeTmp

Run Build Command(s):/home/varzonelp/Android/Sdk/cmake/3.22.1/bin/ninja cmTC_fad5d && [1/2] Building C object CMakeFiles/cmTC_fad5d.dir/CheckSymbolExists.c.o
[2/2] Linking C executable cmTC_fad5d


File /home/varzonelp/PROYECTOS/GDSRC/gd-web-decompiled/android/app/.cxx/Debug/k5041461/x86_64/CMakeFiles/CMakeTmp/CheckSymbolExists.c:
/* */
#include <math.h>

int main(int argc, char** argv)
{
  (void)argv;
#ifndef acos
  return ((int*)(&acos))[argc];
#else
  (void)argc;
  return 0;
#endif
}
Determining if the acosf exist passed with the following output:
Change Dir: /home/varzonelp/PROYECTOS/GDSRC/gd-web-decompiled/android/app/.cxx/Debug/k5041461/x86_64/CMakeFiles/CMakeTmp

Run Build Command(s):/home/varzonelp/Android/Sdk/cmake/3.22.1/bin/ninja cmTC_94a91 && [1/2] Building C object CMakeFiles/cmTC_94a91.dir/CheckSymbolExists.c.o
[2/2] Linking C executable cmTC_94a91


File /home/varzonelp/PROYECTOS/GDSRC/gd-web-decompiled/android/app/.cxx/Debug/k5041461/x86_64/CMakeFiles/CMakeTmp/CheckSymbolExists.c:
/* */
#include <math.h>

int main(int argc, char** argv)
{
  (void)argv;
#ifndef acosf
  return ((int*)(&acosf))[argc];
#else
  (void)argc;
  return 0;
#endif
}
Determining if the asin exist passed with the following output:
Change Dir: /home/varzonelp/PROYECTOS/GDSRC/gd-web-decompiled/android/app/.cxx/Debug/k5041461/x86_64/CMakeFiles/CMakeTmp

Run Build Command(s):/home/varzonelp/Android/Sdk/cmake/3.22.1/bin/ninja cmTC_60347 && [1/2] Building C object CMakeFiles/cmTC_60347.dir/CheckSymbolExists.c.o
[2/2] Linking C executable cmTC_60347


File /home/varzonelp/PROYECTOS/GDSRC/gd-web-decompiled/android/app/.cxx/Debug/k5041461/x86_64/CMakeFiles/CMakeTmp/CheckSymbolExists.c:
/* */
#include <math.h>

int main(int argc, char** argv)
{
  (void)argv;
#ifndef asin
  return ((int*)(&asin))[argc];
#else
  (void)argc;
  return 0;
#endif
}
Determining if the asinf exist passed with the following output:
Change Dir: /home/varzonelp/PROYECTOS/GDSRC/gd-web-decompiled/android/app/.cxx/Debug/k5041461/x86_64/CMakeFiles/CMakeTmp

Run Build Command(s):/home/varzonelp/Android/Sdk/cmake/3.22.1/bin/ninja cmTC_9a7ba && [1/2] Building C object CMakeFiles/cmTC_9a7ba.dir/CheckSymbolExists.c.o
[2/2] Linking C executable cmTC_9a7ba


File /home/varzonelp/PROYECTOS/GDSRC/gd-web-decompiled/android/app/.cxx/Debug/k5041461/x86_64/CMakeFiles/CMakeTmp/CheckSymbolExists.c:
/* */
#include <math.h>

int main(int argc, char** argv)
{
  (void)argv;
#ifndef asinf
  return ((int*)(&asinf))[argc];
#else
  (void)argc;
  return 0;
#endif
}
Determining if the trunc exist passed with the following output:
Change Dir: /home/varzonelp/PROYECTOS/GDSRC/gd-web-decompiled/android/app/.cxx/Debug/k5041461/x86_64/CMakeFiles/CMakeTmp

Run Build Command(s):/home/varzonelp/Android/Sdk/cmake/3.22.1/bin/ninja cmTC_5b15c && [1/2] Building C object CMakeFiles/cmTC_5b15c.dir/CheckSymbolExists.c.o
[2/2] Linking C executable cmTC_5b15c


File /home/varzonelp/PROYECTOS/GDSRC/gd-web-decompiled/android/app/.cxx/Debug/k5041461/x86_64/CMakeFiles/CMakeTmp/CheckSymbolExists.c:
/* */
#include <math.h>

int main(int argc, char** argv)
{
  (void)argv;
#ifndef trunc
  return ((int*)(&trunc))[argc];
#else
  (void)argc;
  return 0;
#endif
}
Determining if the truncf exist passed with the following output:
Change Dir: /home/varzonelp/PROYECTOS/GDSRC/gd-web-decompiled/android/app/.cxx/Debug/k5041461/x86_64/CMakeFiles/CMakeTmp

Run Build Command(s):/home/varzonelp/Android/Sdk/cmake/3.22.1/bin/ninja cmTC_1275b && [1/2] Building C object CMakeFiles/cmTC_1275b.dir/CheckSymbolExists.c.o
[2/2] Linking C executable cmTC_1275b


File /home/varzonelp/PROYECTOS/GDSRC/gd-web-decompiled/android/app/.cxx/Debug/k5041461/x86_64/CMakeFiles/CMakeTmp/CheckSymbolExists.c:
/* */
#include <math.h>

int main(int argc, char** argv)
{
  (void)argv;
#ifndef truncf
  return ((int*)(&truncf))[argc];
#else
  (void)argc;
  return 0;
#endif
}
Determining if the include file alloca.h exists passed with the following output:
Change Dir: /home/varzonelp/PROYECTOS/GDSRC/gd-web-decompiled/android/app/.cxx/Debug/k5041461/x86_64/CMakeFiles/CMakeTmp

Run Build Command(s):/home/varzonelp/Android/Sdk/cmake/3.22.1/bin/ninja cmTC_814c4 && [1/2] Building C object CMakeFiles/cmTC_814c4.dir/CheckIncludeFile.c.o
[2/2] Linking C executable cmTC_814c4



Determining if the alloca exist passed with the following output:
Change Dir: /home/varzonelp/PROYECTOS/GDSRC/gd-web-decompiled/android/app/.cxx/Debug/k5041461/x86_64/CMakeFiles/CMakeTmp

Run Build Command(s):/home/varzonelp/Android/Sdk/cmake/3.22.1/bin/ninja cmTC_fc7f3 && [1/2] Building C object CMakeFiles/cmTC_fc7f3.dir/CheckSymbolExists.c.o
[2/2] Linking C executable cmTC_fc7f3


File /home/varzonelp/PROYECTOS/GDSRC/gd-web-decompiled/android/app/.cxx/Debug/k5041461/x86_64/CMakeFiles/CMakeTmp/CheckSymbolExists.c:
/* */
#include <alloca.h>

int main(int argc, char** argv)
{
  (void)argv;
#ifndef alloca
  return ((int*)(&alloca))[argc];
#else
  (void)argc;
  return 0;
#endif
}
Determining if the alloca exist passed with the following output:
Change Dir: /home/varzonelp/PROYECTOS/GDSRC/gd-web-decompiled/android/app/.cxx/Debug/k5041461/x86_64/CMakeFiles/CMakeTmp

Run Build Command(s):/home/varzonelp/Android/Sdk/cmake/3.22.1/bin/ninja cmTC_cf7dd && [1/2] Building C object CMakeFiles/cmTC_cf7dd.dir/CheckSymbolExists.c.o
[2/2] Linking C executable cmTC_cf7dd


File /home/varzonelp/PROYECTOS/GDSRC/gd-web-decompiled/android/app/.cxx/Debug/k5041461/x86_64/CMakeFiles/CMakeTmp/CheckSymbolExists.c:
/* */
#include <stdlib.h>

int main(int argc, char** argv)
{
  (void)argv;
#ifndef alloca
  return ((int*)(&alloca))[argc];
#else
  (void)argc;
  return 0;
#endif
}
Performing C SOURCE FILE Test HAVE_SA_SIGACTION succeeded with the following output:
Change Dir: /home/varzonelp/PROYECTOS/GDSRC/gd-web-decompiled/android/app/.cxx/Debug/k5041461/x86_64/CMakeFiles/CMakeTmp

Run Build Command(s):/home/varzonelp/Android/Sdk/cmake/3.22.1/bin/ninja cmTC_44f83 && [1/2] Building C object CMakeFiles/cmTC_44f83.dir/src.c.o
[2/2] Linking C executable cmTC_44f83


Source file was:

#include <signal.h>

int main()
{
  (void)sizeof(((struct sigaction *)0)->sa_sigaction);
  return 0;
}

Determining if the dlopen exist passed with the following output:
Change Dir: /home/varzonelp/PROYECTOS/GDSRC/gd-web-decompiled/android/app/.cxx/Debug/k5041461/x86_64/CMakeFiles/CMakeTmp

Run Build Command(s):/home/varzonelp/Android/Sdk/cmake/3.22.1/bin/ninja cmTC_44b63 && [1/2] Building C object CMakeFiles/cmTC_44b63.dir/CheckSymbolExists.c.o
[2/2] Linking C executable cmTC_44b63


File /home/varzonelp/PROYECTOS/GDSRC/gd-web-decompiled/android/app/.cxx/Debug/k5041461/x86_64/CMakeFiles/CMakeTmp/CheckSymbolExists.c:
/* */
#include <dlfcn.h>

int main(int argc, char** argv)
{
  (void)argv;
#ifndef dlopen
  return ((int*)(&dlopen))[argc];
#else
  (void)argc;
  return 0;
#endif
}
Performing C SOURCE FILE Test HAVE_O_CLOEXEC succeeded with the following output:
Change Dir: /home/varzonelp/PROYECTOS/GDSRC/gd-web-decompiled/android/app/.cxx/Debug/k5041461/x86_64/CMakeFiles/CMakeTmp

Run Build Command(s):/home/varzonelp/Android/Sdk/cmake/3.22.1/bin/ninja cmTC_96725 && [1/2] Building C object CMakeFiles/cmTC_96725.dir/src.c.o
[2/2] Linking C executable cmTC_96725


Source file was:

    #include <fcntl.h>
    int flag = O_CLOEXEC;
    int main(int argc, char **argv) { return 0; }
Performing C SOURCE FILE Test VULKAN_PASSED_ANDROID_CHECKS succeeded with the following output:
Change Dir: /home/varzonelp/PROYECTOS/GDSRC/gd-web-decompiled/android/app/.cxx/Debug/k5041461/x86_64/CMakeFiles/CMakeTmp

Run Build Command(s):/home/varzonelp/Android/Sdk/cmake/3.22.1/bin/ninja cmTC_af1da && [1/2] Building C object CMakeFiles/cmTC_af1da.dir/src.c.o
[2/2] Linking C executable cmTC_af1da


Source file was:

      #if defined(__ARM_ARCH) && __ARM_ARCH < 7
      #error Vulkan doesn't work on this configuration
      #endif
      int main(int argc, char **argv) { return 0; }
      
Performing C SOURCE FILE Test HAVE_PTHREADS succeeded with the following output:
Change Dir: /home/varzonelp/PROYECTOS/GDSRC/gd-web-decompiled/android/app/.cxx/Debug/k5041461/x86_64/CMakeFiles/CMakeTmp

Run Build Command(s):/home/varzonelp/Android/Sdk/cmake/3.22.1/bin/ninja cmTC_7a637 && [1/2] Building C object CMakeFiles/cmTC_7a637.dir/src.c.o
[2/2] Linking C executable cmTC_7a637


Source file was:

      #include <pthread.h>
      int main(int argc, char** argv) {
        pthread_attr_t type;
        pthread_attr_init(&type);
        return 0;
      }
Performing C SOURCE FILE Test HAVE_RECURSIVE_MUTEXES succeeded with the following output:
Change Dir: /home/varzonelp/PROYECTOS/GDSRC/gd-web-decompiled/android/app/.cxx/Debug/k5041461/x86_64/CMakeFiles/CMakeTmp

Run Build Command(s):/home/varzonelp/Android/Sdk/cmake/3.22.1/bin/ninja cmTC_2206a && [1/2] Building C object CMakeFiles/cmTC_2206a.dir/src.c.o
[2/2] Linking C executable cmTC_2206a


Source file was:

        #include <pthread.h>
        int main(int argc, char **argv) {
          pthread_mutexattr_t attr;
          pthread_mutexattr_settype(&attr, PTHREAD_MUTEX_RECURSIVE);
          return 0;
        }
Performing C SOURCE FILE Test HAVE_PTHREADS_SEM succeeded with the following output:
Change Dir: /home/varzonelp/PROYECTOS/GDSRC/gd-web-decompiled/android/app/.cxx/Debug/k5041461/x86_64/CMakeFiles/CMakeTmp

Run Build Command(s):/home/varzonelp/Android/Sdk/cmake/3.22.1/bin/ninja cmTC_e8e02 && [1/2] Building C object CMakeFiles/cmTC_e8e02.dir/src.c.o
[2/2] Linking C executable cmTC_e8e02


Source file was:
#include <pthread.h>
                                 #include <semaphore.h>
                                 int main(int argc, char **argv) { return 0; }
Performing C SOURCE FILE Test HAVE_SEM_TIMEDWAIT succeeded with the following output:
Change Dir: /home/varzonelp/PROYECTOS/GDSRC/gd-web-decompiled/android/app/.cxx/Debug/k5041461/x86_64/CMakeFiles/CMakeTmp

Run Build Command(s):/home/varzonelp/Android/Sdk/cmake/3.22.1/bin/ninja cmTC_3ad80 && [1/2] Building C object CMakeFiles/cmTC_3ad80.dir/src.c.o
/home/varzonelp/PROYECTOS/GDSRC/gd-web-decompiled/android/app/.cxx/Debug/k5041461/x86_64/CMakeFiles/CMakeTmp/src.c:5:33: warning: null passed to a callee that requires a non-null argument [-Wnonnull]
                  sem_timedwait(NULL, NULL);
                                ^~~~
/home/varzonelp/Android/Sdk/ndk/26.3.11579264/toolchains/llvm/prebuilt/linux-x86_64/lib/clang/17/include/stddef.h:89:16: note: expanded from macro 'NULL'
#  define NULL ((void*)0)
               ^~~~~~~~~~
/home/varzonelp/PROYECTOS/GDSRC/gd-web-decompiled/android/app/.cxx/Debug/k5041461/x86_64/CMakeFiles/CMakeTmp/src.c:5:39: warning: null passed to a callee that requires a non-null argument [-Wnonnull]
                  sem_timedwait(NULL, NULL);
                                      ^~~~
/home/varzonelp/Android/Sdk/ndk/26.3.11579264/toolchains/llvm/prebuilt/linux-x86_64/lib/clang/17/include/stddef.h:89:16: note: expanded from macro 'NULL'
#  define NULL ((void*)0)
               ^~~~~~~~~~
2 warnings generated.
[2/2] Linking C executable cmTC_3ad80


Source file was:

              #include <pthread.h>
              #include <semaphore.h>
              int main(int argc, char **argv) {
                  sem_timedwait(NULL, NULL);
                  return 0;
              }
Determining if files pthread.h exist passed with the following output:
Change Dir: /home/varzonelp/PROYECTOS/GDSRC/gd-web-decompiled/android/app/.cxx/Debug/k5041461/x86_64/CMakeFiles/CMakeTmp

Run Build Command(s):/home/varzonelp/Android/Sdk/cmake/3.22.1/bin/ninja cmTC_53a44 && [1/2] Building C object CMakeFiles/cmTC_53a44.dir/HAVE_PTHREAD_H.c.o
[2/2] Linking C executable cmTC_53a44



Performing C SOURCE FILE Test HAVE_PTHREAD_SETNAME_NP succeeded with the following output:
Change Dir: /home/varzonelp/PROYECTOS/GDSRC/gd-web-decompiled/android/app/.cxx/Debug/k5041461/x86_64/CMakeFiles/CMakeTmp

Run Build Command(s):/home/varzonelp/Android/Sdk/cmake/3.22.1/bin/ninja cmTC_9282f && [1/2] Building C object CMakeFiles/cmTC_9282f.dir/src.c.o
[2/2] Linking C executable cmTC_9282f


Source file was:

            #include <pthread.h>
            int main(int argc, char **argv) {
              #ifdef __APPLE__
              pthread_setname_np("");
              #else
              pthread_setname_np(pthread_self(),"");
              #endif
              return 0;
            }
